<?xml version="1.0" encoding="utf-8" ?>
<dwsync>
<file name="fixed-navbar-left.html" server="ftp.flatisler.com/public_html/" local="131867843490107838" remote="131877967200000000" Dst="0" />
<file name="fixed-navbar-right.html" server="ftp.flatisler.com/public_html/" local="131867843490607674" remote="131877967200000000" Dst="0" />
<file name="fixed-navbar-top.html" server="ftp.flatisler.com/public_html/" local="131867843490807608" remote="131877967200000000" Dst="0" />
<file name="index.html" server="ftp.flatisler.com/public_html/" local="131867843491917735" remote="131877967200000000" Dst="0" />
<file name="navbar-left.html" server="ftp.flatisler.com/public_html/" local="131867843492168084" remote="131877967200000000" Dst="0" />
<file name="navbar-right.html" server="ftp.flatisler.com/public_html/" local="131867843492638497" remote="131877967200000000" Dst="0" />
<file name="navbar-top.html" server="ftp.flatisler.com/public_html/" local="131867843493108730" remote="131877967200000000" Dst="0" />
<file name="right.html" server="ftp.flatisler.com/public_html/" local="131867843493308667" remote="131877967200000000" Dst="0" />
<file name="sandbox.css" server="ftp.flatisler.com/public_html/" local="131867843493528885" remote="131877967200000000" Dst="0" />
<file name="sidebar-left.html" server="ftp.flatisler.com/public_html/" local="131867843493688833" remote="131877967200000000" Dst="0" />
<file name="sidebar-right.html" server="ftp.flatisler.com/public_html/" local="131867843494029321" remote="131877967200000000" Dst="0" />
<file name="top.html" server="ftp.flatisler.com/public_html/" local="131867843494319220" remote="131877967200000000" Dst="0" />
<file name="fixed-navbar-left.html" server="ftp.woocommercedersleri.com/public_html/klaus/" local="131957254235821390" remote="131957265000000000" Dst="0" />
<file name="fixed-navbar-right.html" server="ftp.woocommercedersleri.com/public_html/klaus/" local="131957254236081308" remote="131957265000000000" Dst="0" />
<file name="fixed-navbar-top.html" server="ftp.woocommercedersleri.com/public_html/klaus/" local="131957254236241256" remote="131957265000000000" Dst="0" />
<file name="index.html" server="ftp.woocommercedersleri.com/public_html/klaus/" local="131957254236491176" remote="131957265000000000" Dst="0" />
<file name="navbar-left.html" server="ftp.woocommercedersleri.com/public_html/klaus/" local="131957254236731097" remote="131957265000000000" Dst="0" />
<file name="navbar-right.html" server="ftp.woocommercedersleri.com/public_html/klaus/" local="131957254236961018" remote="131957265000000000" Dst="0" />
<file name="navbar-top.html" server="ftp.woocommercedersleri.com/public_html/klaus/" local="131957254237190946" remote="131957265000000000" Dst="0" />
<file name="right.html" server="ftp.woocommercedersleri.com/public_html/klaus/" local="131957254237340897" remote="131957265000000000" Dst="0" />
<file name="sandbox.css" server="ftp.woocommercedersleri.com/public_html/klaus/" local="131957254237500851" remote="131957265000000000" Dst="0" />
<file name="sidebar-left.html" server="ftp.woocommercedersleri.com/public_html/klaus/" local="131957254237640800" remote="131957265000000000" Dst="0" />
<file name="sidebar-right.html" server="ftp.woocommercedersleri.com/public_html/klaus/" local="131957254237800746" remote="131957265000000000" Dst="0" />
<file name="top.html" server="ftp.woocommercedersleri.com/public_html/klaus/" local="131957254238010679" remote="131957265000000000" Dst="0" />
</dwsync>