<?xml version="1.0" encoding="utf-8" ?>
<dwsync>
<file name="functions.php" server="ftp.woocommercedersleri.com/public_html/klaus/" local="132031026676077994" remote="132031026600000000" Dst="0" />
<file name="style.css" server="ftp.woocommercedersleri.com/public_html/klaus/" local="131998176730002302" remote="131998176600000000" Dst="0" />
<file name="index.php" server="ftp.woocommercedersleri.com/public_html/klaus/" local="131957338555719172" remote="131957338200000000" Dst="0" />
<file name="screenshot.png" server="ftp.woocommercedersleri.com/public_html/klaus/" local="131957268187772474" remote="131957268000000000" Dst="0" />
<file name="header.php" server="ftp.woocommercedersleri.com/public_html/klaus/" local="132007383032999984" remote="132007382400000000" Dst="0" />
<file name="page.php" server="ftp.woocommercedersleri.com/public_html/klaus/" local="131978984746899326" remote="131978984400000000" Dst="0" />
<file name="archive.php" server="ftp.woocommercedersleri.com/public_html/klaus/" local="131957417581492574" remote="131957417400000000" Dst="0" />
<file name="category.php" server="ftp.woocommercedersleri.com/public_html/klaus/" local="131957421702521995" remote="131957421600000000" Dst="0" />
<file name="search.php" server="ftp.woocommercedersleri.com/public_html/klaus/" local="131957421703402879" remote="131957421600000000" Dst="0" />
<file name="single.php" server="ftp.woocommercedersleri.com/public_html/klaus/" local="131957421703972577" remote="131957421600000000" Dst="0" />
<file name="anasayfa.php" server="ftp.woocommercedersleri.com/public_html/klaus/" local="131986990851326306" remote="131986990800000000" Dst="0" />
<file name="style.php" server="ftp.woocommercedersleri.com/public_html/klaus/" local="131957491357217389" remote="131957491200000000" Dst="0" />
<file name="footer.php" server="ftp.woocommercedersleri.com/public_html/klaus/" local="131968885887215797" remote="131968885800000000" Dst="0" />
<file name="404.php" server="ftp.woocommercedersleri.com/public_html/klaus/" local="131979866647184167" remote="131979866400000000" Dst="0" />
</dwsync>