<?xml version="1.0" encoding="utf-8" ?>
<dwsync>
<file name="swiper.esm.js" server="ftp.flatisler.com/public_html/" local="131867844051879522" remote="131877969000000000" Dst="0" />
<file name="swiper.esm.bundle.js" server="ftp.flatisler.com/public_html/" local="131867844048882439" remote="131877969000000000" Dst="0" />
<file name="swiper.min.js" server="ftp.flatisler.com/public_html/" local="131867844054098970" remote="131877969000000000" Dst="0" />
<file name="swiper.js" server="ftp.flatisler.com/public_html/" local="131867844052829217" remote="131877969000000000" Dst="0" />
<file name="swiper.min.js.map" server="ftp.flatisler.com/public_html/" local="131867844054998689" remote="131877969000000000" Dst="0" />
<file name="swiper.esm.bundle.js" server="ftp.woocommercedersleri.com/public_html/klaus/" local="131896887840000000" remote="131957255400000000" Dst="0" />
<file name="swiper.esm.js" server="ftp.woocommercedersleri.com/public_html/klaus/" local="131896887840000000" remote="131957255400000000" Dst="0" />
<file name="swiper.min.js" server="ftp.woocommercedersleri.com/public_html/klaus/" local="131896887840000000" remote="131957255400000000" Dst="0" />
<file name="swiper.js" server="ftp.woocommercedersleri.com/public_html/klaus/" local="131896887840000000" remote="131957255400000000" Dst="0" />
<file name="swiper.min.js.map" server="ftp.woocommercedersleri.com/public_html/klaus/" local="131896887840000000" remote="131957255400000000" Dst="0" />
</dwsync>