<?xml version="1.0" encoding="utf-8" ?>
<dwsync>
<file name="genericons-regular-webfont.eot" server="ftp.logoonerileri.com/public_html/armada/" local="131955726251368018" remote="131581044000000000" Dst="0" />
<file name="genericons-regular-webfont.svg" server="ftp.logoonerileri.com/public_html/armada/" local="131955726251507979" remote="131581044000000000" Dst="0" />
<file name="genericons-regular-webfont.ttf" server="ftp.logoonerileri.com/public_html/armada/" local="131955726251885169" remote="131581044000000000" Dst="0" />
<file name="genericons-regular-webfont.woff" server="ftp.logoonerileri.com/public_html/armada/" local="131955726252075114" remote="131581044000000000" Dst="0" />
<file name="genericons-regular-webfont.eot" server="ftp.armadagrandee.com/public_html/" local="131955726251368018" remote="131955894600000000" Dst="0" />
<file name="genericons-regular-webfont.svg" server="ftp.armadagrandee.com/public_html/" local="131955726251507979" remote="131955894600000000" Dst="0" />
<file name="genericons-regular-webfont.woff" server="ftp.armadagrandee.com/public_html/" local="131955726252075114" remote="131955894600000000" Dst="0" />
<file name="genericons-regular-webfont.ttf" server="ftp.armadagrandee.com/public_html/" local="131955726251885169" remote="131955894600000000" Dst="0" />
<file name="genericons-regular-webfont.eot" server="ftp.woocommercedersleri.com/public_html/klaus/" local="131957263592621109" remote="131957265000000000" Dst="0" />
<file name="genericons-regular-webfont.woff" server="ftp.woocommercedersleri.com/public_html/klaus/" local="131957263593431452" remote="131957265000000000" Dst="0" />
<file name="genericons-regular-webfont.svg" server="ftp.woocommercedersleri.com/public_html/klaus/" local="131957263592901021" remote="131957265000000000" Dst="0" />
<file name="genericons-regular-webfont.ttf" server="ftp.woocommercedersleri.com/public_html/klaus/" local="131957263593311496" remote="131957265000000000" Dst="0" />
</dwsync>