<?xml version="1.0" encoding="utf-8" ?>
<dwsync>
<file name="acf-logo.png" server="ftp.logoonerileri.com/public_html/armada/" local="131955726284854747" remote="131955648000000000" Dst="0" />
<file name="spinner.gif" server="ftp.logoonerileri.com/public_html/armada/" local="131955726284944718" remote="131955648000000000" Dst="0" />
<file name="spinner@2x.gif" server="ftp.logoonerileri.com/public_html/armada/" local="131955726285144796" remote="131955648000000000" Dst="0" />
<file name="sprite.png" server="ftp.logoonerileri.com/public_html/armada/" local="131955726285354581" remote="131708052000000000" Dst="0" />
<file name="sprite@2x.png" server="ftp.logoonerileri.com/public_html/armada/" local="131955726285444554" remote="131708052000000000" Dst="0" />
<file name="acf-logo.png" server="ftp.armadagrandee.com/public_html/" local="131955726284854747" remote="131955894600000000" Dst="0" />
<file name="spinner.gif" server="ftp.armadagrandee.com/public_html/" local="131955726284944718" remote="131955894600000000" Dst="0" />
<file name="spinner@2x.gif" server="ftp.armadagrandee.com/public_html/" local="131955726285144796" remote="131955894600000000" Dst="0" />
<file name="sprite.png" server="ftp.armadagrandee.com/public_html/" local="131955726285354581" remote="131955894600000000" Dst="0" />
<file name="sprite@2x.png" server="ftp.armadagrandee.com/public_html/" local="131955726285444554" remote="131955894600000000" Dst="0" />
<file name="acf-logo.png" server="ftp.woocommercedersleri.com/public_html/klaus/" local="131957252734723961" remote="131957265000000000" Dst="0" />
<file name="spinner.gif" server="ftp.woocommercedersleri.com/public_html/klaus/" local="131957252734763955" remote="131957265000000000" Dst="0" />
<file name="spinner@2x.gif" server="ftp.woocommercedersleri.com/public_html/klaus/" local="131957252734803939" remote="131957265000000000" Dst="0" />
<file name="sprite.png" server="ftp.woocommercedersleri.com/public_html/klaus/" local="131957252734853922" remote="131957265000000000" Dst="0" />
<file name="sprite@2x.png" server="ftp.woocommercedersleri.com/public_html/klaus/" local="131957252734893906" remote="131957265000000000" Dst="0" />
</dwsync>