<?xml version="1.0" encoding="utf-8" ?>
<dwsync>
<file name="acf-field-group.js" server="ftp.logoonerileri.com/public_html/armada/" local="131955726298284439" remote="131955648000000000" Dst="0" />
<file name="acf-field-group.min.js" server="ftp.logoonerileri.com/public_html/armada/" local="131955726298634333" remote="131955648000000000" Dst="0" />
<file name="acf-input.min.js" server="ftp.logoonerileri.com/public_html/armada/" local="131955726299913911" remote="131955648000000000" Dst="0" />
<file name="acf-input.js" server="ftp.logoonerileri.com/public_html/armada/" local="131955726301643351" remote="131955648000000000" Dst="0" />
<file name="acf-field-group.js" server="ftp.armadagrandee.com/public_html/" local="131955726298284439" remote="131955894600000000" Dst="0" />
<file name="acf-field-group.min.js" server="ftp.armadagrandee.com/public_html/" local="131955726298634333" remote="131955894600000000" Dst="0" />
<file name="acf-input.js" server="ftp.armadagrandee.com/public_html/" local="131955726301643351" remote="131955894600000000" Dst="0" />
<file name="acf-input.min.js" server="ftp.armadagrandee.com/public_html/" local="131955726299913911" remote="131955894600000000" Dst="0" />
<file name="acf-field-group.js" server="ftp.woocommercedersleri.com/public_html/klaus/" local="131957252742925508" remote="131957265000000000" Dst="0" />
<file name="acf-field-group.min.js" server="ftp.woocommercedersleri.com/public_html/klaus/" local="131957252743866782" remote="131957265000000000" Dst="0" />
<file name="acf-input.js" server="ftp.woocommercedersleri.com/public_html/klaus/" local="131957252745286324" remote="131957265000000000" Dst="0" />
<file name="acf-input.min.js" server="ftp.woocommercedersleri.com/public_html/klaus/" local="131957252746325991" remote="131957265000000000" Dst="0" />
</dwsync>