<?xml version="1.0" encoding="utf-8" ?>
<dwsync>
<file name="class-acf-ajax-check-screen.php" server="ftp.logoonerileri.com/public_html/armada/" local="131955726322362025" remote="131955648000000000" Dst="0" />
<file name="class-acf-ajax-query-terms.php" server="ftp.logoonerileri.com/public_html/armada/" local="131955726322631937" remote="131955648000000000" Dst="0" />
<file name="class-acf-ajax-query.php" server="ftp.logoonerileri.com/public_html/armada/" local="131955726322951834" remote="131955648000000000" Dst="0" />
<file name="class-acf-ajax-upgrade.php" server="ftp.logoonerileri.com/public_html/armada/" local="131955726323891527" remote="131955648000000000" Dst="0" />
<file name="class-acf-ajax-user-setting.php" server="ftp.logoonerileri.com/public_html/armada/" local="131955726324111462" remote="131955648000000000" Dst="0" />
<file name="class-acf-ajax.php" server="ftp.logoonerileri.com/public_html/armada/" local="131955726324221426" remote="131955648000000000" Dst="0" />
<file name="class-acf-ajax-check-screen.php" server="ftp.armadagrandee.com/public_html/" local="131955726322362025" remote="131955894600000000" Dst="0" />
<file name="class-acf-ajax-query.php" server="ftp.armadagrandee.com/public_html/" local="131955726322951834" remote="131955894600000000" Dst="0" />
<file name="class-acf-ajax-query-terms.php" server="ftp.armadagrandee.com/public_html/" local="131955726322631937" remote="131955894600000000" Dst="0" />
<file name="class-acf-ajax-upgrade.php" server="ftp.armadagrandee.com/public_html/" local="131955726323891527" remote="131955894600000000" Dst="0" />
<file name="class-acf-ajax.php" server="ftp.armadagrandee.com/public_html/" local="131955726324221426" remote="131955894600000000" Dst="0" />
<file name="class-acf-ajax-user-setting.php" server="ftp.armadagrandee.com/public_html/" local="131955726324111462" remote="131955894600000000" Dst="0" />
<file name="class-acf-ajax-check-screen.php" server="ftp.woocommercedersleri.com/public_html/klaus/" local="131957252766072652" remote="131957265000000000" Dst="0" />
<file name="class-acf-ajax-query-terms.php" server="ftp.woocommercedersleri.com/public_html/klaus/" local="131957252766342338" remote="131957265000000000" Dst="0" />
<file name="class-acf-ajax-query.php" server="ftp.woocommercedersleri.com/public_html/klaus/" local="131957252766602253" remote="131957265000000000" Dst="0" />
<file name="class-acf-ajax-upgrade.php" server="ftp.woocommercedersleri.com/public_html/klaus/" local="131957252766822182" remote="131957265000000000" Dst="0" />
<file name="class-acf-ajax-user-setting.php" server="ftp.woocommercedersleri.com/public_html/klaus/" local="131957252767052109" remote="131957265000000000" Dst="0" />
<file name="class-acf-ajax.php" server="ftp.woocommercedersleri.com/public_html/klaus/" local="131957252767682131" remote="131957265000000000" Dst="0" />
</dwsync>