<?xml version="1.0" encoding="utf-8" ?>
<dwsync>
<file name="COPYING.txt" server="ftp.logoonerileri.com/public_html/armada/" local="131955726249274351" remote="131581044000000000" Dst="0" />
<file name="Genericons-Regular.otf" server="ftp.logoonerileri.com/public_html/armada/" local="131955726249474284" remote="131581044000000000" Dst="0" />
<file name="LICENSE.txt" server="ftp.logoonerileri.com/public_html/armada/" local="131955726249684221" remote="131581044000000000" Dst="0" />
<file name="README.txt" server="ftp.logoonerileri.com/public_html/armada/" local="131955726249874153" remote="131581044000000000" Dst="0" />
<file name="genericons.css" server="ftp.logoonerileri.com/public_html/armada/" local="131955726252295038" remote="131581044000000000" Dst="0" />
<file name="COPYING.txt" server="ftp.armadagrandee.com/public_html/" local="131955726249274351" remote="131955894600000000" Dst="0" />
<file name="Genericons-Regular.otf" server="ftp.armadagrandee.com/public_html/" local="131955726249474284" remote="131955894600000000" Dst="0" />
<file name="genericons.css" server="ftp.armadagrandee.com/public_html/" local="131955726252295038" remote="131955894600000000" Dst="0" />
<file name="LICENSE.txt" server="ftp.armadagrandee.com/public_html/" local="131955726249684221" remote="131955894600000000" Dst="0" />
<file name="README.txt" server="ftp.armadagrandee.com/public_html/" local="131955726249874153" remote="131955894600000000" Dst="0" />
<file name="COPYING.txt" server="ftp.woocommercedersleri.com/public_html/klaus/" local="131957263592431165" remote="131957265000000000" Dst="0" />
<file name="Genericons-Regular.otf" server="ftp.woocommercedersleri.com/public_html/klaus/" local="131957263593821332" remote="131957265000000000" Dst="0" />
<file name="genericons.css" server="ftp.woocommercedersleri.com/public_html/klaus/" local="131957263593931457" remote="131957265000000000" Dst="0" />
<file name="LICENSE.txt" server="ftp.woocommercedersleri.com/public_html/klaus/" local="131957263594031424" remote="131957265000000000" Dst="0" />
<file name="README.txt" server="ftp.woocommercedersleri.com/public_html/klaus/" local="131957263594151218" remote="131957265000000000" Dst="0" />
</dwsync>