<?xml version="1.0" encoding="utf-8" ?>
<dwsync>
<file name="ui-bg_highlight-soft_0_ffffff_1x100.png" server="ftp.logoonerileri.com/public_html/armada/" local="131955726287540752" remote="131955648000000000" Dst="0" />
<file name="ui-icons_444444_256x240.png" server="ftp.logoonerileri.com/public_html/armada/" local="131955726287670706" remote="131955648000000000" Dst="0" />
<file name="ui-icons_DDDDDD_256x240.png" server="ftp.logoonerileri.com/public_html/armada/" local="131955726287880638" remote="131955648000000000" Dst="0" />
<file name="ui-icons_ffffff_256x240.png" server="ftp.logoonerileri.com/public_html/armada/" local="131955726288100563" remote="131955648000000000" Dst="0" />
<file name="ui-bg_highlight-soft_0_ffffff_1x100.png" server="ftp.armadagrandee.com/public_html/" local="131955726287540752" remote="131955894600000000" Dst="0" />
<file name="ui-icons_444444_256x240.png" server="ftp.armadagrandee.com/public_html/" local="131955726287670706" remote="131955894600000000" Dst="0" />
<file name="ui-icons_DDDDDD_256x240.png" server="ftp.armadagrandee.com/public_html/" local="131955726287880638" remote="131955894600000000" Dst="0" />
<file name="ui-icons_ffffff_256x240.png" server="ftp.armadagrandee.com/public_html/" local="131955726288100563" remote="131955894600000000" Dst="0" />
<file name="ui-bg_highlight-soft_0_ffffff_1x100.png" server="ftp.woocommercedersleri.com/public_html/klaus/" local="131957252735283991" remote="131957265000000000" Dst="0" />
<file name="ui-icons_444444_256x240.png" server="ftp.woocommercedersleri.com/public_html/klaus/" local="131957252735363803" remote="131957265000000000" Dst="0" />
<file name="ui-icons_DDDDDD_256x240.png" server="ftp.woocommercedersleri.com/public_html/klaus/" local="131957252735433779" remote="131957265000000000" Dst="0" />
<file name="ui-icons_ffffff_256x240.png" server="ftp.woocommercedersleri.com/public_html/klaus/" local="131957252735503750" remote="131957265000000000" Dst="0" />
</dwsync>