<?xml version="1.0" encoding="utf-8" ?>
<dwsync>
<file name="fa-brands-400.eot" server="ftp.alicinaroglu.com/public_html/" local="131644026500000000" remote="131665361400000000" Dst="0" />
<file name="fa-brands-400.woff" server="ftp.alicinaroglu.com/public_html/" local="131644026500000000" remote="131665361400000000" Dst="0" />
<file name="fa-brands-400.ttf" server="ftp.alicinaroglu.com/public_html/" local="131644026500000000" remote="131665361400000000" Dst="0" />
<file name="fa-regular-400.eot" server="ftp.alicinaroglu.com/public_html/" local="131644026500000000" remote="131665361400000000" Dst="0" />
<file name="fa-brands-400.woff2" server="ftp.alicinaroglu.com/public_html/" local="131644026500000000" remote="131665361400000000" Dst="0" />
<file name="fa-regular-400.ttf" server="ftp.alicinaroglu.com/public_html/" local="131644026500000000" remote="131665361400000000" Dst="0" />
<file name="fa-regular-400.svg" server="ftp.alicinaroglu.com/public_html/" local="131644026500000000" remote="131665361400000000" Dst="0" />
<file name="fa-regular-400.woff" server="ftp.alicinaroglu.com/public_html/" local="131644026500000000" remote="131665361400000000" Dst="0" />
<file name="fa-regular-400.woff2" server="ftp.alicinaroglu.com/public_html/" local="131644026500000000" remote="131665361400000000" Dst="0" />
<file name="fa-brands-400.svg" server="ftp.alicinaroglu.com/public_html/" local="131644026500000000" remote="131665361400000000" Dst="0" />
<file name="fa-solid-900.eot" server="ftp.alicinaroglu.com/public_html/" local="131644026500000000" remote="131665361400000000" Dst="0" />
<file name="fa-solid-900.woff" server="ftp.alicinaroglu.com/public_html/" local="131644026500000000" remote="131665361400000000" Dst="0" />
<file name="fa-solid-900.ttf" server="ftp.alicinaroglu.com/public_html/" local="131644026500000000" remote="131665361400000000" Dst="0" />
<file name="fa-solid-900.woff2" server="ftp.alicinaroglu.com/public_html/" local="131644026500000000" remote="131665361400000000" Dst="0" />
<file name="fa-solid-900.svg" server="ftp.alicinaroglu.com/public_html/" local="131644026500000000" remote="131665361400000000" Dst="0" />
<file name="fa-brands-400.ttf" server="ftp.alicinaroglu.com/public_html/udemy/html_tema/" local="131644026500000000" remote="131665377600000000" Dst="0" />
<file name="fa-brands-400.eot" server="ftp.alicinaroglu.com/public_html/udemy/html_tema/" local="131644026500000000" remote="131665377600000000" Dst="0" />
<file name="fa-brands-400.woff2" server="ftp.alicinaroglu.com/public_html/udemy/html_tema/" local="131644026500000000" remote="131665377600000000" Dst="0" />
<file name="fa-brands-400.woff" server="ftp.alicinaroglu.com/public_html/udemy/html_tema/" local="131644026500000000" remote="131665377600000000" Dst="0" />
<file name="fa-regular-400.eot" server="ftp.alicinaroglu.com/public_html/udemy/html_tema/" local="131644026500000000" remote="131665377600000000" Dst="0" />
<file name="fa-regular-400.ttf" server="ftp.alicinaroglu.com/public_html/udemy/html_tema/" local="131644026500000000" remote="131665377600000000" Dst="0" />
<file name="fa-regular-400.svg" server="ftp.alicinaroglu.com/public_html/udemy/html_tema/" local="131644026500000000" remote="131665377600000000" Dst="0" />
<file name="fa-regular-400.woff2" server="ftp.alicinaroglu.com/public_html/udemy/html_tema/" local="131644026500000000" remote="131665377600000000" Dst="0" />
<file name="fa-regular-400.woff" server="ftp.alicinaroglu.com/public_html/udemy/html_tema/" local="131644026500000000" remote="131665377600000000" Dst="0" />
<file name="fa-brands-400.svg" server="ftp.alicinaroglu.com/public_html/udemy/html_tema/" local="131644026500000000" remote="131665377600000000" Dst="0" />
<file name="fa-solid-900.eot" server="ftp.alicinaroglu.com/public_html/udemy/html_tema/" local="131644026500000000" remote="131665377600000000" Dst="0" />
<file name="fa-solid-900.woff" server="ftp.alicinaroglu.com/public_html/udemy/html_tema/" local="131644026500000000" remote="131665377600000000" Dst="0" />
<file name="fa-solid-900.ttf" server="ftp.alicinaroglu.com/public_html/udemy/html_tema/" local="131644026500000000" remote="131665377600000000" Dst="0" />
<file name="fa-solid-900.woff2" server="ftp.alicinaroglu.com/public_html/udemy/html_tema/" local="131644026500000000" remote="131665377600000000" Dst="0" />
<file name="fa-solid-900.svg" server="ftp.alicinaroglu.com/public_html/udemy/html_tema/" local="131644026500000000" remote="131665377600000000" Dst="0" />
<file name="fa-brands-400.eot" server="ftp.logoonerileri.com/public_html/" local="131755176017987913" remote="131755180800000000" Dst="0" />
<file name="fa-brands-400.ttf" server="ftp.logoonerileri.com/public_html/" local="131755176019817263" remote="131755180800000000" Dst="0" />
<file name="fa-brands-400.woff2" server="ftp.logoonerileri.com/public_html/" local="131755176020646993" remote="131755180800000000" Dst="0" />
<file name="fa-brands-400.woff" server="ftp.logoonerileri.com/public_html/" local="131755176020187142" remote="131755180800000000" Dst="0" />
<file name="fa-regular-400.eot" server="ftp.logoonerileri.com/public_html/" local="131755176021026872" remote="131755180800000000" Dst="0" />
<file name="fa-regular-400.ttf" server="ftp.logoonerileri.com/public_html/" local="131755176021642089" remote="131755180800000000" Dst="0" />
<file name="fa-regular-400.svg" server="ftp.logoonerileri.com/public_html/" local="131755176021452150" remote="131755180800000000" Dst="0" />
<file name="fa-regular-400.woff" server="ftp.logoonerileri.com/public_html/" local="131755176021948022" remote="131755180800000000" Dst="0" />
<file name="fa-regular-400.woff2" server="ftp.logoonerileri.com/public_html/" local="131755176022117967" remote="131755180800000000" Dst="0" />
<file name="fa-brands-400.svg" server="ftp.logoonerileri.com/public_html/" local="131755176019257435" remote="131755180800000000" Dst="0" />
<file name="fa-solid-900.ttf" server="ftp.logoonerileri.com/public_html/" local="131755176024695454" remote="131755180800000000" Dst="0" />
<file name="fa-solid-900.eot" server="ftp.logoonerileri.com/public_html/" local="131755176022587815" remote="131755180800000000" Dst="0" />
<file name="fa-solid-900.woff2" server="ftp.logoonerileri.com/public_html/" local="131755176025779984" remote="131755180800000000" Dst="0" />
<file name="fa-solid-900.woff" server="ftp.logoonerileri.com/public_html/" local="131755176024957975" remote="131755180800000000" Dst="0" />
<file name="fa-solid-900.svg" server="ftp.logoonerileri.com/public_html/" local="131755176024190416" remote="131755180800000000" Dst="0" />
<file name="fa-brands-400.eot" server="ftp.temamagazasi.com/public_html/sirkettemasi/" local="131757986232577551" remote="131759680200000000" Dst="0" />
<file name="fa-brands-400.ttf" server="ftp.temamagazasi.com/public_html/sirkettemasi/" local="131757986233627211" remote="131759680200000000" Dst="0" />
<file name="fa-brands-400.woff" server="ftp.temamagazasi.com/public_html/sirkettemasi/" local="131757986233897127" remote="131759680200000000" Dst="0" />
<file name="fa-brands-400.svg" server="ftp.temamagazasi.com/public_html/sirkettemasi/" local="131757986233277323" remote="131759680200000000" Dst="0" />
<file name="fa-brands-400.woff2" server="ftp.temamagazasi.com/public_html/sirkettemasi/" local="131757986234167035" remote="131759680200000000" Dst="0" />
<file name="fa-regular-400.eot" server="ftp.temamagazasi.com/public_html/sirkettemasi/" local="131757986234446946" remote="131759680200000000" Dst="0" />
<file name="fa-regular-400.ttf" server="ftp.temamagazasi.com/public_html/sirkettemasi/" local="131757986235006767" remote="131759680200000000" Dst="0" />
<file name="fa-regular-400.svg" server="ftp.temamagazasi.com/public_html/sirkettemasi/" local="131757986234896790" remote="131759680200000000" Dst="0" />
<file name="fa-regular-400.woff" server="ftp.temamagazasi.com/public_html/sirkettemasi/" local="131757986235256681" remote="131759680200000000" Dst="0" />
<file name="fa-regular-400.woff2" server="ftp.temamagazasi.com/public_html/sirkettemasi/" local="131757986235436661" remote="131759680200000000" Dst="0" />
<file name="fa-solid-900.ttf" server="ftp.temamagazasi.com/public_html/sirkettemasi/" local="131757986238005793" remote="131759680200000000" Dst="0" />
<file name="fa-solid-900.eot" server="ftp.temamagazasi.com/public_html/sirkettemasi/" local="131757986235676554" remote="131759680200000000" Dst="0" />
<file name="fa-solid-900.woff" server="ftp.temamagazasi.com/public_html/sirkettemasi/" local="131757986238465649" remote="131759680200000000" Dst="0" />
<file name="fa-solid-900.svg" server="ftp.temamagazasi.com/public_html/sirkettemasi/" local="131757986237276027" remote="131759680200000000" Dst="0" />
<file name="fa-solid-900.woff2" server="ftp.temamagazasi.com/public_html/sirkettemasi/" local="131757986239175416" remote="131759680200000000" Dst="0" />
<file name="fa-brands-400.eot" server="ftp.temamagazasi.com/public_html/eticarettemasi/" local="131792361299167182" remote="131792364600000000" Dst="0" />
<file name="fa-brands-400.woff" server="ftp.temamagazasi.com/public_html/eticarettemasi/" local="131792361301705548" remote="131792364600000000" Dst="0" />
<file name="fa-brands-400.ttf" server="ftp.temamagazasi.com/public_html/eticarettemasi/" local="131792361300555909" remote="131792364600000000" Dst="0" />
<file name="fa-brands-400.woff2" server="ftp.temamagazasi.com/public_html/eticarettemasi/" local="131792361302135410" remote="131792364600000000" Dst="0" />
<file name="fa-regular-400.eot" server="ftp.temamagazasi.com/public_html/eticarettemasi/" local="131792361302395321" remote="131792364600000000" Dst="0" />
<file name="fa-brands-400.svg" server="ftp.temamagazasi.com/public_html/eticarettemasi/" local="131792361300116182" remote="131792364600000000" Dst="0" />
<file name="fa-regular-400.ttf" server="ftp.temamagazasi.com/public_html/eticarettemasi/" local="131792361303444991" remote="131792364600000000" Dst="0" />
<file name="fa-regular-400.woff" server="ftp.temamagazasi.com/public_html/eticarettemasi/" local="131792361304034793" remote="131792364600000000" Dst="0" />
<file name="fa-regular-400.svg" server="ftp.temamagazasi.com/public_html/eticarettemasi/" local="131792361302805192" remote="131792364600000000" Dst="0" />
<file name="fa-regular-400.woff2" server="ftp.temamagazasi.com/public_html/eticarettemasi/" local="131792361304734563" remote="131792364600000000" Dst="0" />
<file name="fa-solid-900.eot" server="ftp.temamagazasi.com/public_html/eticarettemasi/" local="131792361305404348" remote="131792364600000000" Dst="0" />
<file name="fa-solid-900.woff" server="ftp.temamagazasi.com/public_html/eticarettemasi/" local="131792361307863555" remote="131792364600000000" Dst="0" />
<file name="fa-solid-900.ttf" server="ftp.temamagazasi.com/public_html/eticarettemasi/" local="131792361307123788" remote="131792364600000000" Dst="0" />
<file name="fa-solid-900.woff2" server="ftp.temamagazasi.com/public_html/eticarettemasi/" local="131792361308113472" remote="131792364600000000" Dst="0" />
<file name="fa-solid-900.svg" server="ftp.temamagazasi.com/public_html/eticarettemasi/" local="131792361306583969" remote="131792364600000000" Dst="0" />
<file name="fa-brands-400.eot" server="ftp.cohturk.com/public_html/parklastik/" local="131799399980000000" remote="131818164000000000" Dst="0" />
<file name="fa-brands-400.woff" server="ftp.cohturk.com/public_html/parklastik/" local="131799399980000000" remote="131818164000000000" Dst="0" />
<file name="fa-brands-400.ttf" server="ftp.cohturk.com/public_html/parklastik/" local="131799399980000000" remote="131818164000000000" Dst="0" />
<file name="fa-brands-400.woff2" server="ftp.cohturk.com/public_html/parklastik/" local="131799399980000000" remote="131818164000000000" Dst="0" />
<file name="fa-brands-400.svg" server="ftp.cohturk.com/public_html/parklastik/" local="131799399980000000" remote="131818164000000000" Dst="0" />
<file name="fa-regular-400.eot" server="ftp.cohturk.com/public_html/parklastik/" local="131799399980000000" remote="131818164000000000" Dst="0" />
<file name="fa-regular-400.woff" server="ftp.cohturk.com/public_html/parklastik/" local="131799399980000000" remote="131818164000000000" Dst="0" />
<file name="fa-regular-400.ttf" server="ftp.cohturk.com/public_html/parklastik/" local="131799399980000000" remote="131818164000000000" Dst="0" />
<file name="fa-regular-400.svg" server="ftp.cohturk.com/public_html/parklastik/" local="131799399980000000" remote="131818164000000000" Dst="0" />
<file name="fa-regular-400.woff2" server="ftp.cohturk.com/public_html/parklastik/" local="131799399980000000" remote="131818164000000000" Dst="0" />
<file name="fa-solid-900.eot" server="ftp.cohturk.com/public_html/parklastik/" local="131799399980000000" remote="131818164000000000" Dst="0" />
<file name="fa-solid-900.woff" server="ftp.cohturk.com/public_html/parklastik/" local="131799399980000000" remote="131818164000000000" Dst="0" />
<file name="fa-solid-900.ttf" server="ftp.cohturk.com/public_html/parklastik/" local="131799399980000000" remote="131818164000000000" Dst="0" />
<file name="fa-solid-900.woff2" server="ftp.cohturk.com/public_html/parklastik/" local="131799399980000000" remote="131818164000000000" Dst="0" />
<file name="fa-solid-900.svg" server="ftp.cohturk.com/public_html/parklastik/" local="131799399980000000" remote="131818164000000000" Dst="0" />
<file name="fa-brands-400.eot" server="ftp.woocommercedersleri.com/public_html/klaus/" local="131957254595900393" remote="131957265600000000" Dst="0" />
<file name="fa-brands-400.ttf" server="ftp.woocommercedersleri.com/public_html/klaus/" local="131957254597439038" remote="131957265600000000" Dst="0" />
<file name="fa-brands-400.woff" server="ftp.woocommercedersleri.com/public_html/klaus/" local="131957254597789254" remote="131957265600000000" Dst="0" />
<file name="fa-regular-400.eot" server="ftp.woocommercedersleri.com/public_html/klaus/" local="131957254598328950" remote="131957265600000000" Dst="0" />
<file name="fa-brands-400.woff2" server="ftp.woocommercedersleri.com/public_html/klaus/" local="131957254597998854" remote="131957265600000000" Dst="0" />
<file name="fa-brands-400.svg" server="ftp.woocommercedersleri.com/public_html/klaus/" local="131957254597039166" remote="131957265600000000" Dst="0" />
<file name="fa-regular-400.ttf" server="ftp.woocommercedersleri.com/public_html/klaus/" local="131957254598948748" remote="131957265600000000" Dst="0" />
<file name="fa-regular-400.woff" server="ftp.woocommercedersleri.com/public_html/klaus/" local="131957254599128861" remote="131957265600000000" Dst="0" />
<file name="fa-regular-400.svg" server="ftp.woocommercedersleri.com/public_html/klaus/" local="131957254598708822" remote="131957265600000000" Dst="0" />
<file name="fa-regular-400.woff2" server="ftp.woocommercedersleri.com/public_html/klaus/" local="131957254599308624" remote="131957265600000000" Dst="0" />
<file name="fa-solid-900.eot" server="ftp.woocommercedersleri.com/public_html/klaus/" local="131957254599748493" remote="131957265600000000" Dst="0" />
<file name="fa-solid-900.woff" server="ftp.woocommercedersleri.com/public_html/klaus/" local="131957254601847995" remote="131957265600000000" Dst="0" />
<file name="fa-solid-900.woff2" server="ftp.woocommercedersleri.com/public_html/klaus/" local="131957254602157745" remote="131957265600000000" Dst="0" />
<file name="fa-solid-900.ttf" server="ftp.woocommercedersleri.com/public_html/klaus/" local="131957254601497964" remote="131957265600000000" Dst="0" />
<file name="fa-solid-900.svg" server="ftp.woocommercedersleri.com/public_html/klaus/" local="131957254600968133" remote="131957265600000000" Dst="0" />
</dwsync>