<?xml version="1.0" encoding="utf-8" ?>
<dwsync>
<file name="categories.yml" server="ftp.cohturk.com/public_html/parklastik/" local="131799399980000000" remote="131818163400000000" Dst="0" />
<file name="shims.json" server="ftp.cohturk.com/public_html/parklastik/" local="131799399980000000" remote="131818163400000000" Dst="0" />
<file name="shims.yml" server="ftp.cohturk.com/public_html/parklastik/" local="131799399980000000" remote="131818163400000000" Dst="0" />
<file name="sponsors.yml" server="ftp.cohturk.com/public_html/parklastik/" local="131799399980000000" remote="131818163400000000" Dst="0" />
<file name="icons.yml" server="ftp.cohturk.com/public_html/parklastik/" local="131799399980000000" remote="131818163400000000" Dst="0" />
<file name="icons.json" server="ftp.cohturk.com/public_html/parklastik/" local="131799399980000000" remote="131818164000000000" Dst="0" />
<file name="categories.yml" server="ftp.woocommercedersleri.com/public_html/klaus/" local="131896292220000000" remote="131957254800000000" Dst="0" />
<file name="shims.json" server="ftp.woocommercedersleri.com/public_html/klaus/" local="131896292230000000" remote="131957254800000000" Dst="0" />
<file name="shims.yml" server="ftp.woocommercedersleri.com/public_html/klaus/" local="131896292230000000" remote="131957254800000000" Dst="0" />
<file name="icons.yml" server="ftp.woocommercedersleri.com/public_html/klaus/" local="131896292230000000" remote="131957254800000000" Dst="0" />
<file name="sponsors.yml" server="ftp.woocommercedersleri.com/public_html/klaus/" local="131896292230000000" remote="131957254800000000" Dst="0" />
<file name="icons.json" server="ftp.woocommercedersleri.com/public_html/klaus/" local="131896292230000000" remote="131957254800000000" Dst="0" />
</dwsync>