<?xml version="1.0" encoding="utf-8" ?>
<dwsync>
<file name=".DS_Store" server="ftp.woocommercedersleri.com/public_html/klaus/" local="131768338360000000" remote="131957254800000000" Dst="0" />
<file name="bootstrap-grid.css" server="ftp.woocommercedersleri.com/public_html/klaus/" local="131768338460000000" remote="131957254800000000" Dst="0" />
<file name="bootstrap-grid.css.map" server="ftp.woocommercedersleri.com/public_html/klaus/" local="131768338460000000" remote="131957254800000000" Dst="0" />
<file name="bootstrap-grid.min.css" server="ftp.woocommercedersleri.com/public_html/klaus/" local="131768338500000000" remote="131957254800000000" Dst="0" />
<file name="bootstrap-grid.min.css.map" server="ftp.woocommercedersleri.com/public_html/klaus/" local="131768338500000000" remote="131957254800000000" Dst="0" />
<file name="bootstrap-reboot.css" server="ftp.woocommercedersleri.com/public_html/klaus/" local="131768338460000000" remote="131957254800000000" Dst="0" />
<file name="bootstrap-reboot.css.map" server="ftp.woocommercedersleri.com/public_html/klaus/" local="131768338460000000" remote="131957254800000000" Dst="0" />
<file name="bootstrap-reboot.min.css" server="ftp.woocommercedersleri.com/public_html/klaus/" local="131768338500000000" remote="131957254800000000" Dst="0" />
<file name="bootstrap-reboot.min.css.map" server="ftp.woocommercedersleri.com/public_html/klaus/" local="131768338500000000" remote="131957254800000000" Dst="0" />
<file name="bootstrap.css" server="ftp.woocommercedersleri.com/public_html/klaus/" local="131768338460000000" remote="131957254800000000" Dst="0" />
<file name="bootstrap.min.css" server="ftp.woocommercedersleri.com/public_html/klaus/" local="131768338480000000" remote="131957254800000000" Dst="0" />
<file name="bootstrap.css.map" server="ftp.woocommercedersleri.com/public_html/klaus/" local="131768338460000000" remote="131957254800000000" Dst="0" />
<file name="bootstrap.min.css.map" server="ftp.woocommercedersleri.com/public_html/klaus/" local="131768338480000000" remote="131957254800000000" Dst="0" />
</dwsync>