<?xml version="1.0" encoding="utf-8" ?>
<dwsync>
<file name="categories.yml" server="ftp.cohturk.com/public_html/parklastik/" local="131799399980000000" remote="131818163400000000" Dst="0" />
<file name="shims.json" server="ftp.cohturk.com/public_html/parklastik/" local="131799399980000000" remote="131818163400000000" Dst="0" />
<file name="shims.yml" server="ftp.cohturk.com/public_html/parklastik/" local="131799399980000000" remote="131818163400000000" Dst="0" />
<file name="sponsors.yml" server="ftp.cohturk.com/public_html/parklastik/" local="131799399980000000" remote="131818163400000000" Dst="0" />
<file name="icons.yml" server="ftp.cohturk.com/public_html/parklastik/" local="131799399980000000" remote="131818163400000000" Dst="0" />
<file name="icons.json" server="ftp.cohturk.com/public_html/parklastik/" local="131799399980000000" remote="131818164000000000" Dst="0" />
<file name="categories.yml" server="ftp.woocommercedersleri.com/public_html/klaus/" local="131957254266631470" remote="131957265600000000" Dst="0" />
<file name="shims.json" server="ftp.woocommercedersleri.com/public_html/klaus/" local="131957254271739816" remote="131957265600000000" Dst="0" />
<file name="icons.yml" server="ftp.woocommercedersleri.com/public_html/klaus/" local="131957254271549871" remote="131957265600000000" Dst="0" />
<file name="shims.yml" server="ftp.woocommercedersleri.com/public_html/klaus/" local="131957254271939771" remote="131957265600000000" Dst="0" />
<file name="sponsors.yml" server="ftp.woocommercedersleri.com/public_html/klaus/" local="131957254272129685" remote="131957265600000000" Dst="0" />
<file name="icons.json" server="ftp.woocommercedersleri.com/public_html/klaus/" local="131957254271100016" remote="131957265600000000" Dst="0" />
</dwsync>