<?xml version="1.0" encoding="utf-8" ?>
<dwsync>
<file name="fa-brands.css" server="ftp.alicinaroglu.com/public_html/" local="131665352129930738" remote="131665360800000000" Dst="0" />
<file name="fa-brands.less" server="ftp.alicinaroglu.com/public_html/" local="131644026500000000" remote="131665360800000000" Dst="0" />
<file name="fa-regular.css" server="ftp.alicinaroglu.com/public_html/" local="131665352129930738" remote="131665360800000000" Dst="0" />
<file name="fa-regular.less" server="ftp.alicinaroglu.com/public_html/" local="131644026500000000" remote="131665360800000000" Dst="0" />
<file name="fa-solid.css" server="ftp.alicinaroglu.com/public_html/" local="131665352130501280" remote="131665360800000000" Dst="0" />
<file name="fa-solid.less" server="ftp.alicinaroglu.com/public_html/" local="131644026500000000" remote="131665360800000000" Dst="0" />
<file name="fontawesome.css" server="ftp.alicinaroglu.com/public_html/" local="131665352264884320" remote="131665360800000000" Dst="0" />
<file name="_animated.less" server="ftp.alicinaroglu.com/public_html/" local="131644026500000000" remote="131665360800000000" Dst="0" />
<file name="fontawesome.less" server="ftp.alicinaroglu.com/public_html/" local="131644026500000000" remote="131665360800000000" Dst="0" />
<file name="_bordered-pulled.less" server="ftp.alicinaroglu.com/public_html/" local="131644026500000000" remote="131665360800000000" Dst="0" />
<file name="_core.less" server="ftp.alicinaroglu.com/public_html/" local="131644026500000000" remote="131665360800000000" Dst="0" />
<file name="_fixed-width.less" server="ftp.alicinaroglu.com/public_html/" local="131644026500000000" remote="131665360800000000" Dst="0" />
<file name="_list.less" server="ftp.alicinaroglu.com/public_html/" local="131644026500000000" remote="131665360800000000" Dst="0" />
<file name="_larger.less" server="ftp.alicinaroglu.com/public_html/" local="131644026500000000" remote="131665360800000000" Dst="0" />
<file name="_icons.less" server="ftp.alicinaroglu.com/public_html/" local="131644026500000000" remote="131665360800000000" Dst="0" />
<file name="_mixins.less" server="ftp.alicinaroglu.com/public_html/" local="131644026500000000" remote="131665360800000000" Dst="0" />
<file name="_rotated-flipped.less" server="ftp.alicinaroglu.com/public_html/" local="131644026500000000" remote="131665360800000000" Dst="0" />
<file name="_screen-reader.less" server="ftp.alicinaroglu.com/public_html/" local="131644026500000000" remote="131665360800000000" Dst="0" />
<file name="_stacked.less" server="ftp.alicinaroglu.com/public_html/" local="131644026500000000" remote="131665360800000000" Dst="0" />
<file name="_variables.less" server="ftp.alicinaroglu.com/public_html/" local="131644026500000000" remote="131665360800000000" Dst="0" />
<file name="fa-brands.css" server="ftp.alicinaroglu.com/public_html/udemy/html_tema/" local="131665352129930738" remote="131665377600000000" Dst="0" />
<file name="fa-brands.less" server="ftp.alicinaroglu.com/public_html/udemy/html_tema/" local="131644026500000000" remote="131665377600000000" Dst="0" />
<file name="fa-regular.css" server="ftp.alicinaroglu.com/public_html/udemy/html_tema/" local="131665352129930738" remote="131665377600000000" Dst="0" />
<file name="fa-regular.less" server="ftp.alicinaroglu.com/public_html/udemy/html_tema/" local="131644026500000000" remote="131665377600000000" Dst="0" />
<file name="fa-solid.less" server="ftp.alicinaroglu.com/public_html/udemy/html_tema/" local="131644026500000000" remote="131665377600000000" Dst="0" />
<file name="fa-solid.css" server="ftp.alicinaroglu.com/public_html/udemy/html_tema/" local="131665352130501280" remote="131665377600000000" Dst="0" />
<file name="fontawesome.less" server="ftp.alicinaroglu.com/public_html/udemy/html_tema/" local="131644026500000000" remote="131665377600000000" Dst="0" />
<file name="_animated.less" server="ftp.alicinaroglu.com/public_html/udemy/html_tema/" local="131644026500000000" remote="131665377600000000" Dst="0" />
<file name="fontawesome.css" server="ftp.alicinaroglu.com/public_html/udemy/html_tema/" local="131665352264884320" remote="131665377600000000" Dst="0" />
<file name="_core.less" server="ftp.alicinaroglu.com/public_html/udemy/html_tema/" local="131644026500000000" remote="131665377600000000" Dst="0" />
<file name="_bordered-pulled.less" server="ftp.alicinaroglu.com/public_html/udemy/html_tema/" local="131644026500000000" remote="131665377600000000" Dst="0" />
<file name="_fixed-width.less" server="ftp.alicinaroglu.com/public_html/udemy/html_tema/" local="131644026500000000" remote="131665377600000000" Dst="0" />
<file name="_icons.less" server="ftp.alicinaroglu.com/public_html/udemy/html_tema/" local="131644026500000000" remote="131665377600000000" Dst="0" />
<file name="_larger.less" server="ftp.alicinaroglu.com/public_html/udemy/html_tema/" local="131644026500000000" remote="131665377600000000" Dst="0" />
<file name="_list.less" server="ftp.alicinaroglu.com/public_html/udemy/html_tema/" local="131644026500000000" remote="131665377600000000" Dst="0" />
<file name="_mixins.less" server="ftp.alicinaroglu.com/public_html/udemy/html_tema/" local="131644026500000000" remote="131665377600000000" Dst="0" />
<file name="_rotated-flipped.less" server="ftp.alicinaroglu.com/public_html/udemy/html_tema/" local="131644026500000000" remote="131665377600000000" Dst="0" />
<file name="_stacked.less" server="ftp.alicinaroglu.com/public_html/udemy/html_tema/" local="131644026500000000" remote="131665377600000000" Dst="0" />
<file name="_screen-reader.less" server="ftp.alicinaroglu.com/public_html/udemy/html_tema/" local="131644026500000000" remote="131665377600000000" Dst="0" />
<file name="_variables.less" server="ftp.alicinaroglu.com/public_html/udemy/html_tema/" local="131644026500000000" remote="131665377600000000" Dst="0" />
<file name="fa-brands.css" server="ftp.logoonerileri.com/public_html/" local="131755176031887887" remote="131755180800000000" Dst="0" />
<file name="fa-regular.css" server="ftp.logoonerileri.com/public_html/" local="131755176031897875" remote="131755180800000000" Dst="0" />
<file name="fa-regular.less" server="ftp.logoonerileri.com/public_html/" local="131755176011151302" remote="131755180800000000" Dst="0" />
<file name="fa-solid.css" server="ftp.logoonerileri.com/public_html/" local="131755176031887887" remote="131755180800000000" Dst="0" />
<file name="fontawesome.css" server="ftp.logoonerileri.com/public_html/" local="131755176033802699" remote="131755180800000000" Dst="0" />
<file name="fa-brands.less" server="ftp.logoonerileri.com/public_html/" local="131755176010811485" remote="131755180800000000" Dst="0" />
<file name="fa-solid.less" server="ftp.logoonerileri.com/public_html/" local="131755176011491193" remote="131755180800000000" Dst="0" />
<file name="fontawesome.less" server="ftp.logoonerileri.com/public_html/" local="131755176012531820" remote="131755180800000000" Dst="0" />
<file name="_animated.less" server="ftp.logoonerileri.com/public_html/" local="131755176012681777" remote="131755180800000000" Dst="0" />
<file name="_core.less" server="ftp.logoonerileri.com/public_html/" local="131755176012911708" remote="131755180800000000" Dst="0" />
<file name="_bordered-pulled.less" server="ftp.logoonerileri.com/public_html/" local="131755176012791736" remote="131755180800000000" Dst="0" />
<file name="_fixed-width.less" server="ftp.logoonerileri.com/public_html/" local="131755176013051659" remote="131755180800000000" Dst="0" />
<file name="_larger.less" server="ftp.logoonerileri.com/public_html/" local="131755176013321564" remote="131755180800000000" Dst="0" />
<file name="_icons.less" server="ftp.logoonerileri.com/public_html/" local="131755176013231595" remote="131755180800000000" Dst="0" />
<file name="_list.less" server="ftp.logoonerileri.com/public_html/" local="131755176013471512" remote="131755180800000000" Dst="0" />
<file name="_screen-reader.less" server="ftp.logoonerileri.com/public_html/" local="131755176014121308" remote="131755180800000000" Dst="0" />
<file name="_mixins.less" server="ftp.logoonerileri.com/public_html/" local="131755176013621466" remote="131755180800000000" Dst="0" />
<file name="_rotated-flipped.less" server="ftp.logoonerileri.com/public_html/" local="131755176013991351" remote="131755180800000000" Dst="0" />
<file name="_stacked.less" server="ftp.logoonerileri.com/public_html/" local="131755176014251262" remote="131755180800000000" Dst="0" />
<file name="_variables.less" server="ftp.logoonerileri.com/public_html/" local="131755176014392451" remote="131755180800000000" Dst="0" />
<file name="fa-brands.css" server="ftp.temamagazasi.com/public_html/sirkettemasi/" local="131757986251086613" remote="131759680200000000" Dst="0" />
<file name="fa-brands.less" server="ftp.temamagazasi.com/public_html/sirkettemasi/" local="131757986228760109" remote="131759680200000000" Dst="0" />
<file name="fa-regular.css" server="ftp.temamagazasi.com/public_html/sirkettemasi/" local="131757986251086613" remote="131759680200000000" Dst="0" />
<file name="fa-regular.less" server="ftp.temamagazasi.com/public_html/sirkettemasi/" local="131757986228850084" remote="131759680200000000" Dst="0" />
<file name="fa-solid.css" server="ftp.temamagazasi.com/public_html/sirkettemasi/" local="131757986251836371" remote="131759680200000000" Dst="0" />
<file name="fa-solid.less" server="ftp.temamagazasi.com/public_html/sirkettemasi/" local="131757986229030020" remote="131759680200000000" Dst="0" />
<file name="fontawesome.less" server="ftp.temamagazasi.com/public_html/sirkettemasi/" local="131757986229469888" remote="131759680200000000" Dst="0" />
<file name="_animated.less" server="ftp.temamagazasi.com/public_html/sirkettemasi/" local="131757986229499882" remote="131759680200000000" Dst="0" />
<file name="fontawesome.css" server="ftp.temamagazasi.com/public_html/sirkettemasi/" local="131757986251886450" remote="131759680200000000" Dst="0" />
<file name="_bordered-pulled.less" server="ftp.temamagazasi.com/public_html/sirkettemasi/" local="131757986229519864" remote="131759680200000000" Dst="0" />
<file name="_core.less" server="ftp.temamagazasi.com/public_html/sirkettemasi/" local="131757986229549859" remote="131759680200000000" Dst="0" />
<file name="_fixed-width.less" server="ftp.temamagazasi.com/public_html/sirkettemasi/" local="131757986229579847" remote="131759680200000000" Dst="0" />
<file name="_icons.less" server="ftp.temamagazasi.com/public_html/sirkettemasi/" local="131757986229629830" remote="131759680200000000" Dst="0" />
<file name="_larger.less" server="ftp.temamagazasi.com/public_html/sirkettemasi/" local="131757986229829761" remote="131759680200000000" Dst="0" />
<file name="_list.less" server="ftp.temamagazasi.com/public_html/sirkettemasi/" local="131757986229859752" remote="131759680200000000" Dst="0" />
<file name="_screen-reader.less" server="ftp.temamagazasi.com/public_html/sirkettemasi/" local="131757986230239634" remote="131759680200000000" Dst="0" />
<file name="_mixins.less" server="ftp.temamagazasi.com/public_html/sirkettemasi/" local="131757986229879749" remote="131759680200000000" Dst="0" />
<file name="_rotated-flipped.less" server="ftp.temamagazasi.com/public_html/sirkettemasi/" local="131757986230199643" remote="131759680200000000" Dst="0" />
<file name="_variables.less" server="ftp.temamagazasi.com/public_html/sirkettemasi/" local="131757986230349611" remote="131759680200000000" Dst="0" />
<file name="_stacked.less" server="ftp.temamagazasi.com/public_html/sirkettemasi/" local="131757986230259628" remote="131759680200000000" Dst="0" />
<file name="fa-brands.css" server="ftp.temamagazasi.com/public_html/eticarettemasi/" local="131792361315121210" remote="131792364600000000" Dst="0" />
<file name="fa-regular.css" server="ftp.temamagazasi.com/public_html/eticarettemasi/" local="131792361315151198" remote="131792364600000000" Dst="0" />
<file name="fa-brands.less" server="ftp.temamagazasi.com/public_html/eticarettemasi/" local="131792361291194737" remote="131792364600000000" Dst="0" />
<file name="fa-regular.less" server="ftp.temamagazasi.com/public_html/eticarettemasi/" local="131792361291534625" remote="131792364600000000" Dst="0" />
<file name="fa-solid.css" server="ftp.temamagazasi.com/public_html/eticarettemasi/" local="131792361315151198" remote="131792364600000000" Dst="0" />
<file name="fa-solid.less" server="ftp.temamagazasi.com/public_html/eticarettemasi/" local="131792361291814817" remote="131792364600000000" Dst="0" />
<file name="fontawesome.css" server="ftp.temamagazasi.com/public_html/eticarettemasi/" local="131792361315910931" remote="131792364600000000" Dst="0" />
<file name="fontawesome.less" server="ftp.temamagazasi.com/public_html/eticarettemasi/" local="131792361292244679" remote="131792364600000000" Dst="0" />
<file name="_animated.less" server="ftp.temamagazasi.com/public_html/eticarettemasi/" local="131792361292404622" remote="131792364600000000" Dst="0" />
<file name="_bordered-pulled.less" server="ftp.temamagazasi.com/public_html/eticarettemasi/" local="131792361292514748" remote="131792364600000000" Dst="0" />
<file name="_core.less" server="ftp.temamagazasi.com/public_html/eticarettemasi/" local="131792361292634711" remote="131792364600000000" Dst="0" />
<file name="_fixed-width.less" server="ftp.temamagazasi.com/public_html/eticarettemasi/" local="131792361292784659" remote="131792364600000000" Dst="0" />
<file name="_icons.less" server="ftp.temamagazasi.com/public_html/eticarettemasi/" local="131792361292954657" remote="131792364600000000" Dst="0" />
<file name="_larger.less" server="ftp.temamagazasi.com/public_html/eticarettemasi/" local="131792361293074629" remote="131792364600000000" Dst="0" />
<file name="_list.less" server="ftp.temamagazasi.com/public_html/eticarettemasi/" local="131792361293174594" remote="131792364600000000" Dst="0" />
<file name="_mixins.less" server="ftp.temamagazasi.com/public_html/eticarettemasi/" local="131792361293284551" remote="131792364600000000" Dst="0" />
<file name="_rotated-flipped.less" server="ftp.temamagazasi.com/public_html/eticarettemasi/" local="131792361293894353" remote="131792364600000000" Dst="0" />
<file name="_screen-reader.less" server="ftp.temamagazasi.com/public_html/eticarettemasi/" local="131792361294204255" remote="131792364600000000" Dst="0" />
<file name="_stacked.less" server="ftp.temamagazasi.com/public_html/eticarettemasi/" local="131792361294374204" remote="131792364600000000" Dst="0" />
<file name="_variables.less" server="ftp.temamagazasi.com/public_html/eticarettemasi/" local="131792361294794063" remote="131792364600000000" Dst="0" />
<file name="fa-brands.css" server="ftp.cohturk.com/public_html/parklastik/" local="131804805050309148" remote="131804806800000000" Dst="0" />
<file name="fa-brands.less" server="ftp.cohturk.com/public_html/parklastik/" local="131804805022657813" remote="131804806800000000" Dst="0" />
<file name="fa-regular.css" server="ftp.cohturk.com/public_html/parklastik/" local="131804805050339128" remote="131804806800000000" Dst="0" />
<file name="fa-regular.less" server="ftp.cohturk.com/public_html/parklastik/" local="131804805023098780" remote="131804806800000000" Dst="0" />
<file name="fa-solid.less" server="ftp.cohturk.com/public_html/parklastik/" local="131804805023419748" remote="131804806800000000" Dst="0" />
<file name="fa-solid.css" server="ftp.cohturk.com/public_html/parklastik/" local="131804805050349128" remote="131804806800000000" Dst="0" />
<file name="fontawesome.css" server="ftp.cohturk.com/public_html/parklastik/" local="131804805050339128" remote="131804806800000000" Dst="0" />
<file name="_animated.less" server="ftp.cohturk.com/public_html/parklastik/" local="131799399980000000" remote="131818163400000000" Dst="0" />
<file name="fontawesome.less" server="ftp.cohturk.com/public_html/parklastik/" local="131799399980000000" remote="131818163400000000" Dst="0" />
<file name="_bordered-pulled.less" server="ftp.cohturk.com/public_html/parklastik/" local="131799399980000000" remote="131818163400000000" Dst="0" />
<file name="_core.less" server="ftp.cohturk.com/public_html/parklastik/" local="131799399980000000" remote="131818163400000000" Dst="0" />
<file name="_fixed-width.less" server="ftp.cohturk.com/public_html/parklastik/" local="131799399980000000" remote="131818163400000000" Dst="0" />
<file name="_larger.less" server="ftp.cohturk.com/public_html/parklastik/" local="131799399980000000" remote="131818163400000000" Dst="0" />
<file name="_icons.less" server="ftp.cohturk.com/public_html/parklastik/" local="131799399980000000" remote="131818163400000000" Dst="0" />
<file name="_mixins.less" server="ftp.cohturk.com/public_html/parklastik/" local="131799399980000000" remote="131818163400000000" Dst="0" />
<file name="_list.less" server="ftp.cohturk.com/public_html/parklastik/" local="131799399980000000" remote="131818163400000000" Dst="0" />
<file name="_rotated-flipped.less" server="ftp.cohturk.com/public_html/parklastik/" local="131799399980000000" remote="131818163400000000" Dst="0" />
<file name="_stacked.less" server="ftp.cohturk.com/public_html/parklastik/" local="131799399980000000" remote="131818163400000000" Dst="0" />
<file name="_variables.less" server="ftp.cohturk.com/public_html/parklastik/" local="131799399980000000" remote="131818163400000000" Dst="0" />
<file name="_screen-reader.less" server="ftp.cohturk.com/public_html/parklastik/" local="131799399980000000" remote="131818163400000000" Dst="0" />
<file name="brands.css" server="ftp.cohturk.com/public_html/parklastik/" local="131818163840058931" remote="131818163400000000" Dst="0" />
<file name="brands.less" server="ftp.cohturk.com/public_html/parklastik/" local="131799399980000000" remote="131818163400000000" Dst="0" />
<file name="regular.css" server="ftp.cohturk.com/public_html/parklastik/" local="131818163840028940" remote="131818163400000000" Dst="0" />
<file name="solid.css" server="ftp.cohturk.com/public_html/parklastik/" local="131818163840028940" remote="131818163400000000" Dst="0" />
<file name="regular.less" server="ftp.cohturk.com/public_html/parklastik/" local="131799399980000000" remote="131818163400000000" Dst="0" />
<file name="solid.less" server="ftp.cohturk.com/public_html/parklastik/" local="131799399980000000" remote="131818163400000000" Dst="0" />
<file name="v4-shims.less" server="ftp.cohturk.com/public_html/parklastik/" local="131799399980000000" remote="131818163400000000" Dst="0" />
<file name="_shims.less" server="ftp.cohturk.com/public_html/parklastik/" local="131799399980000000" remote="131818163400000000" Dst="0" />
<file name="brands.css" server="ftp.woocommercedersleri.com/public_html/klaus/" local="131957254287374742" remote="131957265600000000" Dst="0" />
<file name="brands.less" server="ftp.woocommercedersleri.com/public_html/klaus/" local="131957254261183239" remote="131957265600000000" Dst="0" />
<file name="fa-brands.css" server="ftp.woocommercedersleri.com/public_html/klaus/" local="131957254287784602" remote="131957265600000000" Dst="0" />
<file name="fa-brands.less" server="ftp.woocommercedersleri.com/public_html/klaus/" local="131957254261513136" remote="131957265600000000" Dst="0" />
<file name="fa-regular.css" server="ftp.woocommercedersleri.com/public_html/klaus/" local="131957254287784602" remote="131957265600000000" Dst="0" />
<file name="fa-regular.less" server="ftp.woocommercedersleri.com/public_html/klaus/" local="131957254261863018" remote="131957265600000000" Dst="0" />
<file name="fa-solid.less" server="ftp.woocommercedersleri.com/public_html/klaus/" local="131957254262212904" remote="131957265600000000" Dst="0" />
<file name="fa-solid.css" server="ftp.woocommercedersleri.com/public_html/klaus/" local="131957254287784602" remote="131957265600000000" Dst="0" />
<file name="fontawesome.css" server="ftp.woocommercedersleri.com/public_html/klaus/" local="131957254297231539" remote="131957265600000000" Dst="0" />
<file name="regular.css" server="ftp.woocommercedersleri.com/public_html/klaus/" local="131957254287784602" remote="131957265600000000" Dst="0" />
<file name="fontawesome.less" server="ftp.woocommercedersleri.com/public_html/klaus/" local="131957254262622771" remote="131957265600000000" Dst="0" />
<file name="regular.less" server="ftp.woocommercedersleri.com/public_html/klaus/" local="131957254262972658" remote="131957265600000000" Dst="0" />
<file name="solid.css" server="ftp.woocommercedersleri.com/public_html/klaus/" local="131957254288774279" remote="131957265600000000" Dst="0" />
<file name="solid.less" server="ftp.woocommercedersleri.com/public_html/klaus/" local="131957254263312543" remote="131957265600000000" Dst="0" />
<file name="v4-shims.css" server="ftp.woocommercedersleri.com/public_html/klaus/" local="131957254292433090" remote="131957265600000000" Dst="0" />
<file name="v4-shims.less" server="ftp.woocommercedersleri.com/public_html/klaus/" local="131957254263732408" remote="131957265600000000" Dst="0" />
<file name="_animated.less" server="ftp.woocommercedersleri.com/public_html/klaus/" local="131957254263902353" remote="131957265600000000" Dst="0" />
<file name="_bordered-pulled.less" server="ftp.woocommercedersleri.com/public_html/klaus/" local="131957254264082291" remote="131957265600000000" Dst="0" />
<file name="_core.less" server="ftp.woocommercedersleri.com/public_html/klaus/" local="131957254264252239" remote="131957265600000000" Dst="0" />
<file name="_fixed-width.less" server="ftp.woocommercedersleri.com/public_html/klaus/" local="131957254264432180" remote="131957265600000000" Dst="0" />
<file name="_larger.less" server="ftp.woocommercedersleri.com/public_html/klaus/" local="131957254264892033" remote="131957265600000000" Dst="0" />
<file name="_icons.less" server="ftp.woocommercedersleri.com/public_html/klaus/" local="131957254264712093" remote="131957265600000000" Dst="0" />
<file name="_list.less" server="ftp.woocommercedersleri.com/public_html/klaus/" local="131957254265061977" remote="131957265600000000" Dst="0" />
<file name="_rotated-flipped.less" server="ftp.woocommercedersleri.com/public_html/klaus/" local="131957254265611800" remote="131957265600000000" Dst="0" />
<file name="_screen-reader.less" server="ftp.woocommercedersleri.com/public_html/klaus/" local="131957254265781745" remote="131957265600000000" Dst="0" />
<file name="_mixins.less" server="ftp.woocommercedersleri.com/public_html/klaus/" local="131957254265231922" remote="131957265600000000" Dst="0" />
<file name="_stacked.less" server="ftp.woocommercedersleri.com/public_html/klaus/" local="131957254266211604" remote="131957265600000000" Dst="0" />
<file name="_variables.less" server="ftp.woocommercedersleri.com/public_html/klaus/" local="131957254266431539" remote="131957265600000000" Dst="0" />
<file name="_shims.less" server="ftp.woocommercedersleri.com/public_html/klaus/" local="131957254266041661" remote="131957265600000000" Dst="0" />
</dwsync>