<?xml version="1.0" encoding="utf-8" ?>
<dwsync>
<file name=".DS_Store" server="ftp.woocommercedersleri.com/public_html/klaus/" local="131957254184146694" remote="131957265000000000" Dst="0" />
<file name="bootstrap-grid.css" server="ftp.woocommercedersleri.com/public_html/klaus/" local="131957254184246661" remote="131957265000000000" Dst="0" />
<file name="bootstrap-grid.min.css" server="ftp.woocommercedersleri.com/public_html/klaus/" local="131957254184526573" remote="131957265000000000" Dst="0" />
<file name="bootstrap-reboot.css" server="ftp.woocommercedersleri.com/public_html/klaus/" local="131957254184656538" remote="131957265000000000" Dst="0" />
<file name="bootstrap-reboot.css.map" server="ftp.woocommercedersleri.com/public_html/klaus/" local="131957254184736503" remote="131957265000000000" Dst="0" />
<file name="bootstrap-grid.css.map" server="ftp.woocommercedersleri.com/public_html/klaus/" local="131957254184446758" remote="131957265000000000" Dst="0" />
<file name="bootstrap-grid.min.css.map" server="ftp.woocommercedersleri.com/public_html/klaus/" local="131957254184596549" remote="131957265000000000" Dst="0" />
<file name="bootstrap-reboot.min.css.map" server="ftp.woocommercedersleri.com/public_html/klaus/" local="131957254184876454" remote="131957265000000000" Dst="0" />
<file name="bootstrap-reboot.min.css" server="ftp.woocommercedersleri.com/public_html/klaus/" local="131957254184806479" remote="131957265000000000" Dst="0" />
<file name="bootstrap.css" server="ftp.woocommercedersleri.com/public_html/klaus/" local="131957254184956432" remote="131957265000000000" Dst="0" />
<file name="bootstrap.min.css" server="ftp.woocommercedersleri.com/public_html/klaus/" local="131957254185396335" remote="131957265000000000" Dst="0" />
<file name="bootstrap.min.css.map" server="ftp.woocommercedersleri.com/public_html/klaus/" local="131957254185466319" remote="131957265000000000" Dst="0" />
<file name="bootstrap.css.map" server="ftp.woocommercedersleri.com/public_html/klaus/" local="131957254185326364" remote="131957265000000000" Dst="0" />
</dwsync>