<?xml version="1.0" encoding="utf-8" ?>
<dwsync>
<file name="urun-1.jpg" server="ftp.woocommercedersleri.com/public_html/klaus/" local="131897770160000000" remote="131957254800000000" Dst="0" />
<file name="urun-10.jpg" server="ftp.woocommercedersleri.com/public_html/klaus/" local="131897771390000000" remote="131957254800000000" Dst="0" />
<file name="urun-11.jpg" server="ftp.woocommercedersleri.com/public_html/klaus/" local="131897771510000000" remote="131957254800000000" Dst="0" />
<file name="urun-12.jpg" server="ftp.woocommercedersleri.com/public_html/klaus/" local="131897771620000000" remote="131957254800000000" Dst="0" />
<file name="urun-2.jpg" server="ftp.woocommercedersleri.com/public_html/klaus/" local="131897770330000000" remote="131957254800000000" Dst="0" />
<file name="urun-3.jpg" server="ftp.woocommercedersleri.com/public_html/klaus/" local="131897770440000000" remote="131957254800000000" Dst="0" />
<file name="urun-4.jpg" server="ftp.woocommercedersleri.com/public_html/klaus/" local="131897770590000000" remote="131957254800000000" Dst="0" />
<file name="urun-5.jpg" server="ftp.woocommercedersleri.com/public_html/klaus/" local="131897770720000000" remote="131957254800000000" Dst="0" />
<file name="urun-6.jpg" server="ftp.woocommercedersleri.com/public_html/klaus/" local="131897770830000000" remote="131957254800000000" Dst="0" />
<file name="urun-7.jpg" server="ftp.woocommercedersleri.com/public_html/klaus/" local="131897770940000000" remote="131957254800000000" Dst="0" />
<file name="urun-8.jpg" server="ftp.woocommercedersleri.com/public_html/klaus/" local="131897771100000000" remote="131957254800000000" Dst="0" />
<file name="urun-9.jpg" server="ftp.woocommercedersleri.com/public_html/klaus/" local="131897771250000000" remote="131957254800000000" Dst="0" />
</dwsync>