<?xml version="1.0" encoding="utf-8" ?>
<dwsync>
<file name="acf-pro.php" server="ftp.logoonerileri.com/public_html/armada/" local="131955726375512385" remote="131955648000000000" Dst="0" />
<file name="options-page.php" server="ftp.logoonerileri.com/public_html/armada/" local="131955726382128984" remote="131955648000000000" Dst="0" />
<file name="updates.php" server="ftp.logoonerileri.com/public_html/armada/" local="131955726382408888" remote="131955648000000000" Dst="0" />
<file name="acf-pro.php" server="ftp.armadagrandee.com/public_html/" local="131955726375512385" remote="131955894600000000" Dst="0" />
<file name="options-page.php" server="ftp.armadagrandee.com/public_html/" local="131955726382128984" remote="131955894600000000" Dst="0" />
<file name="updates.php" server="ftp.armadagrandee.com/public_html/" local="131955726382408888" remote="131955894600000000" Dst="0" />
<file name="acf-pro.php" server="ftp.woocommercedersleri.com/public_html/klaus/" local="131957252837510348" remote="131957265000000000" Dst="0" />
<file name="options-page.php" server="ftp.woocommercedersleri.com/public_html/klaus/" local="131957252848616742" remote="131957265000000000" Dst="0" />
<file name="updates.php" server="ftp.woocommercedersleri.com/public_html/klaus/" local="131957252849136573" remote="131957265000000000" Dst="0" />
</dwsync>