<?xml version="1.0" encoding="utf-8" ?>
<dwsync>
<file name="accessibility.css" server="ftp.flatisler.com/public_html/" local="131867843498117984" remote="131877967200000000" Dst="0" />
<file name="base.css" server="ftp.flatisler.com/public_html/" local="131867843498337913" remote="131877967200000000" Dst="0" />
<file name="container.css" server="ftp.flatisler.com/public_html/" local="131867843498617867" remote="131877967200000000" Dst="0" />
<file name="drawer.css" server="ftp.flatisler.com/public_html/" local="131867843498837763" remote="131877967200000000" Dst="0" />
<file name="dropdown.css" server="ftp.flatisler.com/public_html/" local="131867843499137657" remote="131877967200000000" Dst="0" />
<file name="hamburger.css" server="ftp.flatisler.com/public_html/" local="131867843499337599" remote="131877967200000000" Dst="0" />
<file name="navbar.css" server="ftp.flatisler.com/public_html/" local="131867843499517536" remote="131877967200000000" Dst="0" />
<file name="position-left.css" server="ftp.flatisler.com/public_html/" local="131867843499687476" remote="131877967200000000" Dst="0" />
<file name="position-right.css" server="ftp.flatisler.com/public_html/" local="131867843499867421" remote="131877967200000000" Dst="0" />
<file name="position-top.css" server="ftp.flatisler.com/public_html/" local="131867843500127344" remote="131877967200000000" Dst="0" />
<file name="sidebar.css" server="ftp.flatisler.com/public_html/" local="131867843500337272" remote="131877967200000000" Dst="0" />
<file name="variables.css" server="ftp.flatisler.com/public_html/" local="131867843500577188" remote="131877967200000000" Dst="0" />
<file name="accessibility.css" server="ftp.woocommercedersleri.com/public_html/klaus/" local="131957254240949769" remote="131957265000000000" Dst="0" />
<file name="base.css" server="ftp.woocommercedersleri.com/public_html/klaus/" local="131957254241109713" remote="131957265000000000" Dst="0" />
<file name="container.css" server="ftp.woocommercedersleri.com/public_html/klaus/" local="131957254241249675" remote="131957265000000000" Dst="0" />
<file name="drawer.css" server="ftp.woocommercedersleri.com/public_html/klaus/" local="131957254241419615" remote="131957265000000000" Dst="0" />
<file name="dropdown.css" server="ftp.woocommercedersleri.com/public_html/klaus/" local="131957254241589560" remote="131957265000000000" Dst="0" />
<file name="hamburger.css" server="ftp.woocommercedersleri.com/public_html/klaus/" local="131957254241729516" remote="131957265000000000" Dst="0" />
<file name="navbar.css" server="ftp.woocommercedersleri.com/public_html/klaus/" local="131957254241899801" remote="131957265000000000" Dst="0" />
<file name="position-left.css" server="ftp.woocommercedersleri.com/public_html/klaus/" local="131957254242039414" remote="131957265000000000" Dst="0" />
<file name="position-right.css" server="ftp.woocommercedersleri.com/public_html/klaus/" local="131957254242209360" remote="131957265000000000" Dst="0" />
<file name="position-top.css" server="ftp.woocommercedersleri.com/public_html/klaus/" local="131957254242349315" remote="131957265000000000" Dst="0" />
<file name="sidebar.css" server="ftp.woocommercedersleri.com/public_html/klaus/" local="131957254242529256" remote="131957265000000000" Dst="0" />
<file name="variables.css" server="ftp.woocommercedersleri.com/public_html/klaus/" local="131957254242699202" remote="131957265000000000" Dst="0" />
</dwsync>