<?xml version="1.0" encoding="utf-8" ?>
<dwsync>
<file name="bootstrap.bundle.js" server="ftp.woocommercedersleri.com/public_html/klaus/" local="131768338560000000" remote="131957254800000000" Dst="0" />
<file name="bootstrap.bundle.min.js" server="ftp.woocommercedersleri.com/public_html/klaus/" local="131768338640000000" remote="131957254800000000" Dst="0" />
<file name="bootstrap.bundle.js.map" server="ftp.woocommercedersleri.com/public_html/klaus/" local="131768338560000000" remote="131957254800000000" Dst="0" />
<file name="bootstrap.js" server="ftp.woocommercedersleri.com/public_html/klaus/" local="131768338560000000" remote="131957254800000000" Dst="0" />
<file name="bootstrap.bundle.min.js.map" server="ftp.woocommercedersleri.com/public_html/klaus/" local="131768338640000000" remote="131957254800000000" Dst="0" />
<file name="bootstrap.min.js" server="ftp.woocommercedersleri.com/public_html/klaus/" local="131768338620000000" remote="131957254800000000" Dst="0" />
<file name="bootstrap.js.map" server="ftp.woocommercedersleri.com/public_html/klaus/" local="131768338560000000" remote="131957254800000000" Dst="0" />
<file name="bootstrap.min.js.map" server="ftp.woocommercedersleri.com/public_html/klaus/" local="131768338620000000" remote="131957254800000000" Dst="0" />
</dwsync>