<?xml version="1.0" encoding="utf-8" ?>
<dwsync>
<file name="LICENSE.txt" server="ftp.logoonerileri.com/public_html/armada/" local="131955726283185279" remote="131955648000000000" Dst="0" />
<file name="README.txt" server="ftp.logoonerileri.com/public_html/armada/" local="131955726283275256" remote="131955648000000000" Dst="0" />
<file name="acf.eot" server="ftp.logoonerileri.com/public_html/armada/" local="131955726283655128" remote="131955648000000000" Dst="0" />
<file name="acf.svg" server="ftp.logoonerileri.com/public_html/armada/" local="131955726283765104" remote="131955648000000000" Dst="0" />
<file name="acf.ttf" server="ftp.logoonerileri.com/public_html/armada/" local="131955726283925069" remote="131955648000000000" Dst="0" />
<file name="acf.woff" server="ftp.logoonerileri.com/public_html/armada/" local="131955726284214945" remote="131955648000000000" Dst="0" />
<file name="acf.woff2" server="ftp.logoonerileri.com/public_html/armada/" local="131955726284264941" remote="131955648000000000" Dst="0" />
<file name="config.json" server="ftp.logoonerileri.com/public_html/armada/" local="131955726284474872" remote="131955648000000000" Dst="0" />
<file name="acf.eot" server="ftp.armadagrandee.com/public_html/" local="131955726283655128" remote="131955894600000000" Dst="0" />
<file name="acf.svg" server="ftp.armadagrandee.com/public_html/" local="131955726283765104" remote="131955894600000000" Dst="0" />
<file name="acf.ttf" server="ftp.armadagrandee.com/public_html/" local="131955726283925069" remote="131955894600000000" Dst="0" />
<file name="acf.woff" server="ftp.armadagrandee.com/public_html/" local="131955726284214945" remote="131955894600000000" Dst="0" />
<file name="acf.woff2" server="ftp.armadagrandee.com/public_html/" local="131955726284264941" remote="131955894600000000" Dst="0" />
<file name="config.json" server="ftp.armadagrandee.com/public_html/" local="131955726284474872" remote="131955894600000000" Dst="0" />
<file name="LICENSE.txt" server="ftp.armadagrandee.com/public_html/" local="131955726283185279" remote="131955894600000000" Dst="0" />
<file name="README.txt" server="ftp.armadagrandee.com/public_html/" local="131955726283275256" remote="131955894600000000" Dst="0" />
<file name="acf.eot" server="ftp.woocommercedersleri.com/public_html/klaus/" local="131957252734054185" remote="131957265000000000" Dst="0" />
<file name="acf.svg" server="ftp.woocommercedersleri.com/public_html/klaus/" local="131957252734154147" remote="131957265000000000" Dst="0" />
<file name="acf.ttf" server="ftp.woocommercedersleri.com/public_html/klaus/" local="131957252734234168" remote="131957265000000000" Dst="0" />
<file name="acf.woff" server="ftp.woocommercedersleri.com/public_html/klaus/" local="131957252734304096" remote="131957265000000000" Dst="0" />
<file name="acf.woff2" server="ftp.woocommercedersleri.com/public_html/klaus/" local="131957252734374081" remote="131957265000000000" Dst="0" />
<file name="config.json" server="ftp.woocommercedersleri.com/public_html/klaus/" local="131957252734454049" remote="131957265000000000" Dst="0" />
<file name="LICENSE.txt" server="ftp.woocommercedersleri.com/public_html/klaus/" local="131957252734524023" remote="131957265000000000" Dst="0" />
<file name="README.txt" server="ftp.woocommercedersleri.com/public_html/klaus/" local="131957252734603997" remote="131957265000000000" Dst="0" />
</dwsync>