<?xml version="1.0" encoding="utf-8" ?>
<dwsync>
<file name="class-acf-field-clone.php" server="ftp.logoonerileri.com/public_html/armada/" local="131955726379269915" remote="131955648000000000" Dst="0" />
<file name="class-acf-field-flexible-content.php" server="ftp.logoonerileri.com/public_html/armada/" local="131955726379659785" remote="131955648000000000" Dst="0" />
<file name="class-acf-field-gallery.php" server="ftp.logoonerileri.com/public_html/armada/" local="131955726380779421" remote="131955648000000000" Dst="0" />
<file name="class-acf-field-repeater.php" server="ftp.logoonerileri.com/public_html/armada/" local="131955726381239281" remote="131955648000000000" Dst="0" />
<file name="class-acf-field-clone.php" server="ftp.armadagrandee.com/public_html/" local="131955726379269915" remote="131955894600000000" Dst="0" />
<file name="class-acf-field-flexible-content.php" server="ftp.armadagrandee.com/public_html/" local="131955726379659785" remote="131955894600000000" Dst="0" />
<file name="class-acf-field-gallery.php" server="ftp.armadagrandee.com/public_html/" local="131955726380779421" remote="131955894600000000" Dst="0" />
<file name="class-acf-field-repeater.php" server="ftp.armadagrandee.com/public_html/" local="131955726381239281" remote="131955894600000000" Dst="0" />
<file name="class-acf-field-clone.php" server="ftp.woocommercedersleri.com/public_html/klaus/" local="131957252843768322" remote="131957265000000000" Dst="0" />
<file name="class-acf-field-gallery.php" server="ftp.woocommercedersleri.com/public_html/klaus/" local="131957252846247514" remote="131957265000000000" Dst="0" />
<file name="class-acf-field-repeater.php" server="ftp.woocommercedersleri.com/public_html/klaus/" local="131957252847167212" remote="131957265000000000" Dst="0" />
<file name="class-acf-field-flexible-content.php" server="ftp.woocommercedersleri.com/public_html/klaus/" local="131957252844967929" remote="131957265000000000" Dst="0" />
</dwsync>