<?xml version="1.0" encoding="utf-8" ?>
<dwsync>
<file name=".gitignore" server="ftp.flatisler.com/public_html/" local="131867843481362942" remote="131877967200000000" Dst="0" />
<file name=".editorconfig" server="ftp.flatisler.com/public_html/" local="131867843481172999" remote="131877967200000000" Dst="0" />
<file name=".travis.yml" server="ftp.flatisler.com/public_html/" local="131867843481562888" remote="131877967200000000" Dst="0" />
<file name="bower.json" server="ftp.flatisler.com/public_html/" local="131867843481742845" remote="131877967200000000" Dst="0" />
<file name="gulpfile.js" server="ftp.flatisler.com/public_html/" local="131867843485169123" remote="131877967200000000" Dst="0" />
<file name="LICENSE.md" server="ftp.flatisler.com/public_html/" local="131867843485621261" remote="131877967200000000" Dst="0" />
<file name="package.json" server="ftp.flatisler.com/public_html/" local="131867843485921807" remote="131877967200000000" Dst="0" />
<file name="README.md" server="ftp.flatisler.com/public_html/" local="131867843486551983" remote="131877967200000000" Dst="0" />
<file name=".editorconfig" server="ftp.woocommercedersleri.com/public_html/klaus/" local="131897070410000000" remote="131957254800000000" Dst="0" />
<file name=".gitignore" server="ftp.woocommercedersleri.com/public_html/klaus/" local="131897070410000000" remote="131957254800000000" Dst="0" />
<file name=".travis.yml" server="ftp.woocommercedersleri.com/public_html/klaus/" local="131897070410000000" remote="131957254800000000" Dst="0" />
<file name="bower.json" server="ftp.woocommercedersleri.com/public_html/klaus/" local="131897070410000000" remote="131957254800000000" Dst="0" />
<file name="gulpfile.js" server="ftp.woocommercedersleri.com/public_html/klaus/" local="131897070420000000" remote="131957254800000000" Dst="0" />
<file name="LICENSE.md" server="ftp.woocommercedersleri.com/public_html/klaus/" local="131897070420000000" remote="131957254800000000" Dst="0" />
<file name="package.json" server="ftp.woocommercedersleri.com/public_html/klaus/" local="131897070420000000" remote="131957254800000000" Dst="0" />
<file name="README.md" server="ftp.woocommercedersleri.com/public_html/klaus/" local="131897070420000000" remote="131957254800000000" Dst="0" />
</dwsync>