<?xml version="1.0" encoding="utf-8" ?>
<dwsync>
<file name="brands.js" server="ftp.cohturk.com/public_html/parklastik/" local="131799399980000000" remote="131818163400000000" Dst="0" />
<file name="brands.min.js" server="ftp.cohturk.com/public_html/parklastik/" local="131799399980000000" remote="131818163400000000" Dst="0" />
<file name="fontawesome.js" server="ftp.cohturk.com/public_html/parklastik/" local="131799399980000000" remote="131818163400000000" Dst="0" />
<file name="fontawesome.min.js" server="ftp.cohturk.com/public_html/parklastik/" local="131799399980000000" remote="131818163400000000" Dst="0" />
<file name="all.js" server="ftp.cohturk.com/public_html/parklastik/" local="131799399980000000" remote="131818163400000000" Dst="0" />
<file name="all.min.js" server="ftp.cohturk.com/public_html/parklastik/" local="131799399980000000" remote="131818163400000000" Dst="0" />
<file name="regular.js" server="ftp.cohturk.com/public_html/parklastik/" local="131799399980000000" remote="131818163400000000" Dst="0" />
<file name="regular.min.js" server="ftp.cohturk.com/public_html/parklastik/" local="131799399980000000" remote="131818163400000000" Dst="0" />
<file name="v4-shims.js" server="ftp.cohturk.com/public_html/parklastik/" local="131799399980000000" remote="131818163400000000" Dst="0" />
<file name="v4-shims.min.js" server="ftp.cohturk.com/public_html/parklastik/" local="131799399980000000" remote="131818163400000000" Dst="0" />
<file name="solid.min.js" server="ftp.cohturk.com/public_html/parklastik/" local="131799399980000000" remote="131818163400000000" Dst="0" />
<file name="solid.js" server="ftp.cohturk.com/public_html/parklastik/" local="131799399980000000" remote="131818163400000000" Dst="0" />
<file name="brands.js" server="ftp.woocommercedersleri.com/public_html/klaus/" local="131957254254285481" remote="131957265000000000" Dst="0" />
<file name="all.js" server="ftp.woocommercedersleri.com/public_html/klaus/" local="131957254250116831" remote="131957265000000000" Dst="0" />
<file name="fontawesome.js" server="ftp.woocommercedersleri.com/public_html/klaus/" local="131957254255894956" remote="131957265000000000" Dst="0" />
<file name="brands.min.js" server="ftp.woocommercedersleri.com/public_html/klaus/" local="131957254255335139" remote="131957265000000000" Dst="0" />
<file name="regular.js" server="ftp.woocommercedersleri.com/public_html/klaus/" local="131957254256734689" remote="131957265600000000" Dst="0" />
<file name="regular.min.js" server="ftp.woocommercedersleri.com/public_html/klaus/" local="131957254257204702" remote="131957265600000000" Dst="0" />
<file name="fontawesome.min.js" server="ftp.woocommercedersleri.com/public_html/klaus/" local="131957254256244843" remote="131957265600000000" Dst="0" />
<file name="all.min.js" server="ftp.woocommercedersleri.com/public_html/klaus/" local="131957254252676000" remote="131957265600000000" Dst="0" />
<file name="v4-shims.js" server="ftp.woocommercedersleri.com/public_html/klaus/" local="131957254260203564" remote="131957265600000000" Dst="0" />
<file name="v4-shims.min.js" server="ftp.woocommercedersleri.com/public_html/klaus/" local="131957254260444304" remote="131957265600000000" Dst="0" />
<file name="solid.js" server="ftp.woocommercedersleri.com/public_html/klaus/" local="131957254258254191" remote="131957265600000000" Dst="0" />
<file name="solid.min.js" server="ftp.woocommercedersleri.com/public_html/klaus/" local="131957254259584142" remote="131957265600000000" Dst="0" />
</dwsync>