<?xml version="1.0" encoding="utf-8" ?>
<dwsync>
<file name="drawer.css" server="ftp.flatisler.com/public_html/" local="131867843628091682" remote="131877967200000000" Dst="0" />
<file name="drawer.scss" server="ftp.flatisler.com/public_html/" local="131867843495178939" remote="131877967200000000" Dst="0" />
<file name="_accessibility.scss" server="ftp.flatisler.com/public_html/" local="131867843495398875" remote="131877967200000000" Dst="0" />
<file name="_base.scss" server="ftp.flatisler.com/public_html/" local="131867843495668786" remote="131877967200000000" Dst="0" />
<file name="_container.scss" server="ftp.flatisler.com/public_html/" local="131867843495898712" remote="131877967200000000" Dst="0" />
<file name="_dropdown.scss" server="ftp.flatisler.com/public_html/" local="131867843496088651" remote="131877967200000000" Dst="0" />
<file name="_hamburger.scss" server="ftp.flatisler.com/public_html/" local="131867843496328582" remote="131877967200000000" Dst="0" />
<file name="_navbar.scss" server="ftp.flatisler.com/public_html/" local="131867843496578490" remote="131877967200000000" Dst="0" />
<file name="_position-left.scss" server="ftp.flatisler.com/public_html/" local="131867843496838404" remote="131877967200000000" Dst="0" />
<file name="_position-right.scss" server="ftp.flatisler.com/public_html/" local="131867843497058335" remote="131877967200000000" Dst="0" />
<file name="_position-top.scss" server="ftp.flatisler.com/public_html/" local="131867843497268260" remote="131877967200000000" Dst="0" />
<file name="_variables.scss" server="ftp.flatisler.com/public_html/" local="131867843497698125" remote="131877967200000000" Dst="0" />
<file name="_sidebar.scss" server="ftp.flatisler.com/public_html/" local="131867843497488194" remote="131877967200000000" Dst="0" />
<file name="drawer.css" server="ftp.woocommercedersleri.com/public_html/klaus/" local="131957248090430204" remote="131957254800000000" Dst="0" />
<file name="drawer.scss" server="ftp.woocommercedersleri.com/public_html/klaus/" local="131897070420000000" remote="131957254800000000" Dst="0" />
<file name="_accessibility.scss" server="ftp.woocommercedersleri.com/public_html/klaus/" local="131897070420000000" remote="131957254800000000" Dst="0" />
<file name="_base.scss" server="ftp.woocommercedersleri.com/public_html/klaus/" local="131897070420000000" remote="131957254800000000" Dst="0" />
<file name="_container.scss" server="ftp.woocommercedersleri.com/public_html/klaus/" local="131897070420000000" remote="131957254800000000" Dst="0" />
<file name="_dropdown.scss" server="ftp.woocommercedersleri.com/public_html/klaus/" local="131897070420000000" remote="131957254800000000" Dst="0" />
<file name="_hamburger.scss" server="ftp.woocommercedersleri.com/public_html/klaus/" local="131897070420000000" remote="131957254800000000" Dst="0" />
<file name="_navbar.scss" server="ftp.woocommercedersleri.com/public_html/klaus/" local="131897070420000000" remote="131957254800000000" Dst="0" />
<file name="_position-left.scss" server="ftp.woocommercedersleri.com/public_html/klaus/" local="131897070420000000" remote="131957254800000000" Dst="0" />
<file name="_position-right.scss" server="ftp.woocommercedersleri.com/public_html/klaus/" local="131897070420000000" remote="131957254800000000" Dst="0" />
<file name="_position-top.scss" server="ftp.woocommercedersleri.com/public_html/klaus/" local="131897070420000000" remote="131957254800000000" Dst="0" />
<file name="_sidebar.scss" server="ftp.woocommercedersleri.com/public_html/klaus/" local="131897070420000000" remote="131957254800000000" Dst="0" />
<file name="_variables.scss" server="ftp.woocommercedersleri.com/public_html/klaus/" local="131897070420000000" remote="131957254800000000" Dst="0" />
</dwsync>