<?xml version="1.0" encoding="utf-8" ?>
<dwsync>
<file name="select2.css" server="ftp.logoonerileri.com/public_html/armada/" local="131955726292086451" remote="131955648000000000" Dst="0" />
<file name="select2.full.min.js" server="ftp.logoonerileri.com/public_html/armada/" local="131955726292906184" remote="131955648000000000" Dst="0" />
<file name="select2.js" server="ftp.logoonerileri.com/public_html/armada/" local="131955726293436011" remote="131955648000000000" Dst="0" />
<file name="select2.min.css" server="ftp.logoonerileri.com/public_html/armada/" local="131955726294325722" remote="131955648000000000" Dst="0" />
<file name="select2.min.js" server="ftp.logoonerileri.com/public_html/armada/" local="131955726294945527" remote="131955648000000000" Dst="0" />
<file name="select2.full.js" server="ftp.logoonerileri.com/public_html/armada/" local="131955726300993560" remote="131955648000000000" Dst="0" />
<file name="select2.css" server="ftp.armadagrandee.com/public_html/" local="131955726292086451" remote="131955894600000000" Dst="0" />
<file name="select2.full.js" server="ftp.armadagrandee.com/public_html/" local="131955726300993560" remote="131955894600000000" Dst="0" />
<file name="select2.full.min.js" server="ftp.armadagrandee.com/public_html/" local="131955726292906184" remote="131955894600000000" Dst="0" />
<file name="select2.js" server="ftp.armadagrandee.com/public_html/" local="131955726293436011" remote="131955894600000000" Dst="0" />
<file name="select2.min.css" server="ftp.armadagrandee.com/public_html/" local="131955726294325722" remote="131955894600000000" Dst="0" />
<file name="select2.min.js" server="ftp.armadagrandee.com/public_html/" local="131955726294945527" remote="131955894600000000" Dst="0" />
<file name="select2.css" server="ftp.woocommercedersleri.com/public_html/klaus/" local="131957252737883578" remote="131957265000000000" Dst="0" />
<file name="select2.full.min.js" server="ftp.woocommercedersleri.com/public_html/klaus/" local="131957252739176619" remote="131957265000000000" Dst="0" />
<file name="select2.full.js" server="ftp.woocommercedersleri.com/public_html/klaus/" local="131957252738586650" remote="131957265000000000" Dst="0" />
<file name="select2.js" server="ftp.woocommercedersleri.com/public_html/klaus/" local="131957252739756265" remote="131957265000000000" Dst="0" />
<file name="select2.min.css" server="ftp.woocommercedersleri.com/public_html/klaus/" local="131957252740076324" remote="131957265000000000" Dst="0" />
<file name="select2.min.js" server="ftp.woocommercedersleri.com/public_html/klaus/" local="131957252740586267" remote="131957265000000000" Dst="0" />
</dwsync>