<?xml version="1.0" encoding="utf-8" ?>
<dwsync>
<file name="class-acf-field-accordion.php" server="ftp.logoonerileri.com/public_html/armada/" local="131955726328600267" remote="131955648000000000" Dst="0" />
<file name="class-acf-field-button-group.php" server="ftp.logoonerileri.com/public_html/armada/" local="131955726328960153" remote="131955648000000000" Dst="0" />
<file name="class-acf-field-checkbox.php" server="ftp.logoonerileri.com/public_html/armada/" local="131955726329160086" remote="131955648000000000" Dst="0" />
<file name="class-acf-field-color_picker.php" server="ftp.logoonerileri.com/public_html/armada/" local="131955726329410000" remote="131955648000000000" Dst="0" />
<file name="class-acf-field-date_picker.php" server="ftp.logoonerileri.com/public_html/armada/" local="131955726329759897" remote="131955648000000000" Dst="0" />
<file name="class-acf-field-date_time_picker.php" server="ftp.logoonerileri.com/public_html/armada/" local="131955726330209738" remote="131955648000000000" Dst="0" />
<file name="class-acf-field-email.php" server="ftp.logoonerileri.com/public_html/armada/" local="131955726330629607" remote="131955648000000000" Dst="0" />
<file name="class-acf-field-file.php" server="ftp.logoonerileri.com/public_html/armada/" local="131955726330739571" remote="131955648000000000" Dst="0" />
<file name="class-acf-field-google-map.php" server="ftp.logoonerileri.com/public_html/armada/" local="131955726331289397" remote="131955648000000000" Dst="0" />
<file name="class-acf-field-group.php" server="ftp.logoonerileri.com/public_html/armada/" local="131955726331709257" remote="131955648000000000" Dst="0" />
<file name="class-acf-field-image.php" server="ftp.logoonerileri.com/public_html/armada/" local="131955726332239087" remote="131955648000000000" Dst="0" />
<file name="class-acf-field-link.php" server="ftp.logoonerileri.com/public_html/armada/" local="131955726332688936" remote="131955648000000000" Dst="0" />
<file name="class-acf-field-message.php" server="ftp.logoonerileri.com/public_html/armada/" local="131955726333098817" remote="131955648000000000" Dst="0" />
<file name="class-acf-field-number.php" server="ftp.logoonerileri.com/public_html/armada/" local="131955726333401008" remote="131955648000000000" Dst="0" />
<file name="class-acf-field-oembed.php" server="ftp.logoonerileri.com/public_html/armada/" local="131955726333620950" remote="131955648000000000" Dst="0" />
<file name="class-acf-field-output.php" server="ftp.logoonerileri.com/public_html/armada/" local="131955726334110777" remote="131955648000000000" Dst="0" />
<file name="class-acf-field-page_link.php" server="ftp.logoonerileri.com/public_html/armada/" local="131955726334350702" remote="131955648000000000" Dst="0" />
<file name="class-acf-field-password.php" server="ftp.logoonerileri.com/public_html/armada/" local="131955726334480659" remote="131955648000000000" Dst="0" />
<file name="class-acf-field-post_object.php" server="ftp.logoonerileri.com/public_html/armada/" local="131955726334850548" remote="131955648000000000" Dst="0" />
<file name="class-acf-field-radio.php" server="ftp.logoonerileri.com/public_html/armada/" local="131955726334980508" remote="131955648000000000" Dst="0" />
<file name="class-acf-field-range.php" server="ftp.logoonerileri.com/public_html/armada/" local="131955726335310390" remote="131955648000000000" Dst="0" />
<file name="class-acf-field-select.php" server="ftp.logoonerileri.com/public_html/armada/" local="131955726335590295" remote="131955648000000000" Dst="0" />
<file name="class-acf-field-relationship.php" server="ftp.logoonerileri.com/public_html/armada/" local="131955726335700266" remote="131955648000000000" Dst="0" />
<file name="class-acf-field-separator.php" server="ftp.logoonerileri.com/public_html/armada/" local="131955726336220096" remote="131955648000000000" Dst="0" />
<file name="class-acf-field-tab.php" server="ftp.logoonerileri.com/public_html/armada/" local="131955726336569982" remote="131955648000000000" Dst="0" />
<file name="class-acf-field-taxonomy.php" server="ftp.logoonerileri.com/public_html/armada/" local="131955726336819903" remote="131955648000000000" Dst="0" />
<file name="class-acf-field-text.php" server="ftp.logoonerileri.com/public_html/armada/" local="131955726337539676" remote="131955648000000000" Dst="0" />
<file name="class-acf-field-textarea.php" server="ftp.logoonerileri.com/public_html/armada/" local="131955726337738815" remote="131955648000000000" Dst="0" />
<file name="class-acf-field-time_picker.php" server="ftp.logoonerileri.com/public_html/armada/" local="131955726338068708" remote="131955648000000000" Dst="0" />
<file name="class-acf-field-true_false.php" server="ftp.logoonerileri.com/public_html/armada/" local="131955726338278645" remote="131955648000000000" Dst="0" />
<file name="class-acf-field-url.php" server="ftp.logoonerileri.com/public_html/armada/" local="131955726338538554" remote="131955648000000000" Dst="0" />
<file name="class-acf-field-user.php" server="ftp.logoonerileri.com/public_html/armada/" local="131955726338828457" remote="131955648000000000" Dst="0" />
<file name="class-acf-field-wysiwyg.php" server="ftp.logoonerileri.com/public_html/armada/" local="131955726339038390" remote="131955648000000000" Dst="0" />
<file name="class-acf-field.php" server="ftp.logoonerileri.com/public_html/armada/" local="131955726339288318" remote="131955648000000000" Dst="0" />
<file name="class-acf-field-accordion.php" server="ftp.armadagrandee.com/public_html/" local="131955726328600267" remote="131955894600000000" Dst="0" />
<file name="class-acf-field-button-group.php" server="ftp.armadagrandee.com/public_html/" local="131955726328960153" remote="131955894600000000" Dst="0" />
<file name="class-acf-field-checkbox.php" server="ftp.armadagrandee.com/public_html/" local="131955726329160086" remote="131955894600000000" Dst="0" />
<file name="class-acf-field-color_picker.php" server="ftp.armadagrandee.com/public_html/" local="131955726329410000" remote="131955894600000000" Dst="0" />
<file name="class-acf-field-date_picker.php" server="ftp.armadagrandee.com/public_html/" local="131955726329759897" remote="131955894600000000" Dst="0" />
<file name="class-acf-field-date_time_picker.php" server="ftp.armadagrandee.com/public_html/" local="131955726330209738" remote="131955894600000000" Dst="0" />
<file name="class-acf-field-file.php" server="ftp.armadagrandee.com/public_html/" local="131955726330739571" remote="131955894600000000" Dst="0" />
<file name="class-acf-field-email.php" server="ftp.armadagrandee.com/public_html/" local="131955726330629607" remote="131955894600000000" Dst="0" />
<file name="class-acf-field-google-map.php" server="ftp.armadagrandee.com/public_html/" local="131955726331289397" remote="131955894600000000" Dst="0" />
<file name="class-acf-field-group.php" server="ftp.armadagrandee.com/public_html/" local="131955726331709257" remote="131955894600000000" Dst="0" />
<file name="class-acf-field-image.php" server="ftp.armadagrandee.com/public_html/" local="131955726332239087" remote="131955894600000000" Dst="0" />
<file name="class-acf-field-link.php" server="ftp.armadagrandee.com/public_html/" local="131955726332688936" remote="131955894600000000" Dst="0" />
<file name="class-acf-field-number.php" server="ftp.armadagrandee.com/public_html/" local="131955726333401008" remote="131955894600000000" Dst="0" />
<file name="class-acf-field-oembed.php" server="ftp.armadagrandee.com/public_html/" local="131955726333620950" remote="131955894600000000" Dst="0" />
<file name="class-acf-field-message.php" server="ftp.armadagrandee.com/public_html/" local="131955726333098817" remote="131955894600000000" Dst="0" />
<file name="class-acf-field-page_link.php" server="ftp.armadagrandee.com/public_html/" local="131955726334350702" remote="131955894600000000" Dst="0" />
<file name="class-acf-field-password.php" server="ftp.armadagrandee.com/public_html/" local="131955726334480659" remote="131955894600000000" Dst="0" />
<file name="class-acf-field-output.php" server="ftp.armadagrandee.com/public_html/" local="131955726334110777" remote="131955894600000000" Dst="0" />
<file name="class-acf-field-post_object.php" server="ftp.armadagrandee.com/public_html/" local="131955726334850548" remote="131955894600000000" Dst="0" />
<file name="class-acf-field-radio.php" server="ftp.armadagrandee.com/public_html/" local="131955726334980508" remote="131955894600000000" Dst="0" />
<file name="class-acf-field-range.php" server="ftp.armadagrandee.com/public_html/" local="131955726335310390" remote="131955894600000000" Dst="0" />
<file name="class-acf-field-relationship.php" server="ftp.armadagrandee.com/public_html/" local="131955726335700266" remote="131955894600000000" Dst="0" />
<file name="class-acf-field-select.php" server="ftp.armadagrandee.com/public_html/" local="131955726335590295" remote="131955894600000000" Dst="0" />
<file name="class-acf-field-separator.php" server="ftp.armadagrandee.com/public_html/" local="131955726336220096" remote="131955894600000000" Dst="0" />
<file name="class-acf-field-tab.php" server="ftp.armadagrandee.com/public_html/" local="131955726336569982" remote="131955894600000000" Dst="0" />
<file name="class-acf-field-taxonomy.php" server="ftp.armadagrandee.com/public_html/" local="131955726336819903" remote="131955894600000000" Dst="0" />
<file name="class-acf-field-text.php" server="ftp.armadagrandee.com/public_html/" local="131955726337539676" remote="131955894600000000" Dst="0" />
<file name="class-acf-field-time_picker.php" server="ftp.armadagrandee.com/public_html/" local="131955726338068708" remote="131955894600000000" Dst="0" />
<file name="class-acf-field-true_false.php" server="ftp.armadagrandee.com/public_html/" local="131955726338278645" remote="131955894600000000" Dst="0" />
<file name="class-acf-field-textarea.php" server="ftp.armadagrandee.com/public_html/" local="131955726337738815" remote="131955894600000000" Dst="0" />
<file name="class-acf-field-user.php" server="ftp.armadagrandee.com/public_html/" local="131955726338828457" remote="131955894600000000" Dst="0" />
<file name="class-acf-field-wysiwyg.php" server="ftp.armadagrandee.com/public_html/" local="131955726339038390" remote="131955894600000000" Dst="0" />
<file name="class-acf-field-url.php" server="ftp.armadagrandee.com/public_html/" local="131955726338538554" remote="131955894600000000" Dst="0" />
<file name="class-acf-field.php" server="ftp.armadagrandee.com/public_html/" local="131955726339288318" remote="131955894600000000" Dst="0" />
<file name="class-acf-field-accordion.php" server="ftp.woocommercedersleri.com/public_html/klaus/" local="131957252777643443" remote="131957265000000000" Dst="0" />
<file name="class-acf-field-button-group.php" server="ftp.woocommercedersleri.com/public_html/klaus/" local="131957252777902792" remote="131957265000000000" Dst="0" />
<file name="class-acf-field-checkbox.php" server="ftp.woocommercedersleri.com/public_html/klaus/" local="131957252778162768" remote="131957265000000000" Dst="0" />
<file name="class-acf-field-date_picker.php" server="ftp.woocommercedersleri.com/public_html/klaus/" local="131957252779513431" remote="131957265000000000" Dst="0" />
<file name="class-acf-field-date_time_picker.php" server="ftp.woocommercedersleri.com/public_html/klaus/" local="131957252779923366" remote="131957265000000000" Dst="0" />
<file name="class-acf-field-color_picker.php" server="ftp.woocommercedersleri.com/public_html/klaus/" local="131957252779012931" remote="131957265000000000" Dst="0" />
<file name="class-acf-field-email.php" server="ftp.woocommercedersleri.com/public_html/klaus/" local="131957252780163116" remote="131957265000000000" Dst="0" />
<file name="class-acf-field-file.php" server="ftp.woocommercedersleri.com/public_html/klaus/" local="131957252780542999" remote="131957265000000000" Dst="0" />
<file name="class-acf-field-google-map.php" server="ftp.woocommercedersleri.com/public_html/klaus/" local="131957252781222943" remote="131957265000000000" Dst="0" />
<file name="class-acf-field-group.php" server="ftp.woocommercedersleri.com/public_html/klaus/" local="131957252781702615" remote="131957265000000000" Dst="0" />
<file name="class-acf-field-image.php" server="ftp.woocommercedersleri.com/public_html/klaus/" local="131957252782392544" remote="131957265000000000" Dst="0" />
<file name="class-acf-field-link.php" server="ftp.woocommercedersleri.com/public_html/klaus/" local="131957252782962209" remote="131957265000000000" Dst="0" />
<file name="class-acf-field-message.php" server="ftp.woocommercedersleri.com/public_html/klaus/" local="131957252783262114" remote="131957265000000000" Dst="0" />
<file name="class-acf-field-number.php" server="ftp.woocommercedersleri.com/public_html/klaus/" local="131957252783472041" remote="131957265000000000" Dst="0" />
<file name="class-acf-field-oembed.php" server="ftp.woocommercedersleri.com/public_html/klaus/" local="131957252783882078" remote="131957265000000000" Dst="0" />
<file name="class-acf-field-output.php" server="ftp.woocommercedersleri.com/public_html/klaus/" local="131957252784151820" remote="131957265000000000" Dst="0" />
<file name="class-acf-field-page_link.php" server="ftp.woocommercedersleri.com/public_html/klaus/" local="131957252784371750" remote="131957265000000000" Dst="0" />
<file name="class-acf-field-password.php" server="ftp.woocommercedersleri.com/public_html/klaus/" local="131957252784691645" remote="131957265000000000" Dst="0" />
<file name="class-acf-field-post_object.php" server="ftp.woocommercedersleri.com/public_html/klaus/" local="131957252784932530" remote="131957265000000000" Dst="0" />
<file name="class-acf-field-range.php" server="ftp.woocommercedersleri.com/public_html/klaus/" local="131957252785731311" remote="131957265000000000" Dst="0" />
<file name="class-acf-field-radio.php" server="ftp.woocommercedersleri.com/public_html/klaus/" local="131957252785321443" remote="131957265000000000" Dst="0" />
<file name="class-acf-field-relationship.php" server="ftp.woocommercedersleri.com/public_html/klaus/" local="131957252786201159" remote="131957265000000000" Dst="0" />
<file name="class-acf-field-select.php" server="ftp.woocommercedersleri.com/public_html/klaus/" local="131957252787011081" remote="131957265000000000" Dst="0" />
<file name="class-acf-field-separator.php" server="ftp.woocommercedersleri.com/public_html/klaus/" local="131957252787340973" remote="131957265000000000" Dst="0" />
<file name="class-acf-field-tab.php" server="ftp.woocommercedersleri.com/public_html/klaus/" local="131957252787761005" remote="131957265000000000" Dst="0" />
<file name="class-acf-field-text.php" server="ftp.woocommercedersleri.com/public_html/klaus/" local="131957252789211278" remote="131957265000000000" Dst="0" />
<file name="class-acf-field-taxonomy.php" server="ftp.woocommercedersleri.com/public_html/klaus/" local="131957252788300809" remote="131957265000000000" Dst="0" />
<file name="class-acf-field-textarea.php" server="ftp.woocommercedersleri.com/public_html/klaus/" local="131957252789461191" remote="131957265000000000" Dst="0" />
<file name="class-acf-field-time_picker.php" server="ftp.woocommercedersleri.com/public_html/klaus/" local="131957252789871058" remote="131957265000000000" Dst="0" />
<file name="class-acf-field-true_false.php" server="ftp.woocommercedersleri.com/public_html/klaus/" local="131957252790260935" remote="131957265000000000" Dst="0" />
<file name="class-acf-field-url.php" server="ftp.woocommercedersleri.com/public_html/klaus/" local="131957252790490857" remote="131957265000000000" Dst="0" />
<file name="class-acf-field-user.php" server="ftp.woocommercedersleri.com/public_html/klaus/" local="131957252790750774" remote="131957265000000000" Dst="0" />
<file name="class-acf-field-wysiwyg.php" server="ftp.woocommercedersleri.com/public_html/klaus/" local="131957252791190670" remote="131957265000000000" Dst="0" />
<file name="class-acf-field.php" server="ftp.woocommercedersleri.com/public_html/klaus/" local="131957252791791109" remote="131957265000000000" Dst="0" />
</dwsync>