<?xml version="1.0" encoding="utf-8" ?>
<dwsync>
<file name="acf-pro-field-group.js" server="ftp.logoonerileri.com/public_html/armada/" local="131955726378080299" remote="131955648000000000" Dst="0" />
<file name="acf-pro-field-group.min.js" server="ftp.logoonerileri.com/public_html/armada/" local="131955726378210261" remote="131955648000000000" Dst="0" />
<file name="acf-pro-input.js" server="ftp.logoonerileri.com/public_html/armada/" local="131955726378490161" remote="131955648000000000" Dst="0" />
<file name="acf-pro-input.min.js" server="ftp.logoonerileri.com/public_html/armada/" local="131955726378989994" remote="131955648000000000" Dst="0" />
<file name="acf-pro-field-group.min.js" server="ftp.armadagrandee.com/public_html/" local="131955726378210261" remote="131955894600000000" Dst="0" />
<file name="acf-pro-field-group.js" server="ftp.armadagrandee.com/public_html/" local="131955726378080299" remote="131955894600000000" Dst="0" />
<file name="acf-pro-input.js" server="ftp.armadagrandee.com/public_html/" local="131955726378490161" remote="131955894600000000" Dst="0" />
<file name="acf-pro-input.min.js" server="ftp.armadagrandee.com/public_html/" local="131955726378989994" remote="131955894600000000" Dst="0" />
<file name="acf-pro-field-group.js" server="ftp.woocommercedersleri.com/public_html/klaus/" local="131957252841659472" remote="131957265000000000" Dst="0" />
<file name="acf-pro-field-group.min.js" server="ftp.woocommercedersleri.com/public_html/klaus/" local="131957252842048873" remote="131957265000000000" Dst="0" />
<file name="acf-pro-input.js" server="ftp.woocommercedersleri.com/public_html/klaus/" local="131957252842409023" remote="131957265000000000" Dst="0" />
<file name="acf-pro-input.min.js" server="ftp.woocommercedersleri.com/public_html/klaus/" local="131957252842898601" remote="131957265000000000" Dst="0" />
</dwsync>