<?xml version="1.0" encoding="utf-8" ?>
<dwsync>
<file name="fa-brands.css" server="ftp.alicinaroglu.com/public_html/" local="131665352621568381" remote="131665360800000000" Dst="0" />
<file name="fa-brands.scss" server="ftp.alicinaroglu.com/public_html/" local="131644026500000000" remote="131665360800000000" Dst="0" />
<file name="fa-regular.css" server="ftp.alicinaroglu.com/public_html/" local="131665352159824316" remote="131665360800000000" Dst="0" />
<file name="fa-regular.scss" server="ftp.alicinaroglu.com/public_html/" local="131644026500000000" remote="131665360800000000" Dst="0" />
<file name="fa-solid.css" server="ftp.alicinaroglu.com/public_html/" local="131665352157772354" remote="131665360800000000" Dst="0" />
<file name="fa-solid.scss" server="ftp.alicinaroglu.com/public_html/" local="131644026500000000" remote="131665361400000000" Dst="0" />
<file name="fontawesome.css" server="ftp.alicinaroglu.com/public_html/" local="131665352348419474" remote="131665361400000000" Dst="0" />
<file name="fontawesome.scss" server="ftp.alicinaroglu.com/public_html/" local="131644026500000000" remote="131665361400000000" Dst="0" />
<file name="_animated.scss" server="ftp.alicinaroglu.com/public_html/" local="131644026500000000" remote="131665361400000000" Dst="0" />
<file name="_bordered-pulled.scss" server="ftp.alicinaroglu.com/public_html/" local="131644026500000000" remote="131665361400000000" Dst="0" />
<file name="_core.scss" server="ftp.alicinaroglu.com/public_html/" local="131644026500000000" remote="131665361400000000" Dst="0" />
<file name="_fixed-width.scss" server="ftp.alicinaroglu.com/public_html/" local="131644026500000000" remote="131665361400000000" Dst="0" />
<file name="_list.scss" server="ftp.alicinaroglu.com/public_html/" local="131644026500000000" remote="131665361400000000" Dst="0" />
<file name="_larger.scss" server="ftp.alicinaroglu.com/public_html/" local="131644026500000000" remote="131665361400000000" Dst="0" />
<file name="_icons.scss" server="ftp.alicinaroglu.com/public_html/" local="131644026500000000" remote="131665361400000000" Dst="0" />
<file name="_mixins.scss" server="ftp.alicinaroglu.com/public_html/" local="131644026500000000" remote="131665361400000000" Dst="0" />
<file name="_rotated-flipped.scss" server="ftp.alicinaroglu.com/public_html/" local="131644026500000000" remote="131665361400000000" Dst="0" />
<file name="_screen-reader.scss" server="ftp.alicinaroglu.com/public_html/" local="131644026500000000" remote="131665361400000000" Dst="0" />
<file name="_stacked.scss" server="ftp.alicinaroglu.com/public_html/" local="131644026500000000" remote="131665361400000000" Dst="0" />
<file name="_variables.scss" server="ftp.alicinaroglu.com/public_html/" local="131644026500000000" remote="131665361400000000" Dst="0" />
<file name="fa-brands.scss" server="ftp.alicinaroglu.com/public_html/udemy/html_tema/" local="131644026500000000" remote="131665377600000000" Dst="0" />
<file name="fa-regular.css" server="ftp.alicinaroglu.com/public_html/udemy/html_tema/" local="131665352159824316" remote="131665377600000000" Dst="0" />
<file name="fa-brands.css" server="ftp.alicinaroglu.com/public_html/udemy/html_tema/" local="131665352621568381" remote="131665377600000000" Dst="0" />
<file name="fa-regular.scss" server="ftp.alicinaroglu.com/public_html/udemy/html_tema/" local="131644026500000000" remote="131665377600000000" Dst="0" />
<file name="fa-solid.css" server="ftp.alicinaroglu.com/public_html/udemy/html_tema/" local="131665352157772354" remote="131665377600000000" Dst="0" />
<file name="fa-solid.scss" server="ftp.alicinaroglu.com/public_html/udemy/html_tema/" local="131644026500000000" remote="131665377600000000" Dst="0" />
<file name="fontawesome.css" server="ftp.alicinaroglu.com/public_html/udemy/html_tema/" local="131665352348419474" remote="131665377600000000" Dst="0" />
<file name="_animated.scss" server="ftp.alicinaroglu.com/public_html/udemy/html_tema/" local="131644026500000000" remote="131665377600000000" Dst="0" />
<file name="fontawesome.scss" server="ftp.alicinaroglu.com/public_html/udemy/html_tema/" local="131644026500000000" remote="131665377600000000" Dst="0" />
<file name="_bordered-pulled.scss" server="ftp.alicinaroglu.com/public_html/udemy/html_tema/" local="131644026500000000" remote="131665377600000000" Dst="0" />
<file name="_core.scss" server="ftp.alicinaroglu.com/public_html/udemy/html_tema/" local="131644026500000000" remote="131665377600000000" Dst="0" />
<file name="_fixed-width.scss" server="ftp.alicinaroglu.com/public_html/udemy/html_tema/" local="131644026500000000" remote="131665377600000000" Dst="0" />
<file name="_larger.scss" server="ftp.alicinaroglu.com/public_html/udemy/html_tema/" local="131644026500000000" remote="131665377600000000" Dst="0" />
<file name="_icons.scss" server="ftp.alicinaroglu.com/public_html/udemy/html_tema/" local="131644026500000000" remote="131665377600000000" Dst="0" />
<file name="_mixins.scss" server="ftp.alicinaroglu.com/public_html/udemy/html_tema/" local="131644026500000000" remote="131665377600000000" Dst="0" />
<file name="_rotated-flipped.scss" server="ftp.alicinaroglu.com/public_html/udemy/html_tema/" local="131644026500000000" remote="131665377600000000" Dst="0" />
<file name="_list.scss" server="ftp.alicinaroglu.com/public_html/udemy/html_tema/" local="131644026500000000" remote="131665377600000000" Dst="0" />
<file name="_screen-reader.scss" server="ftp.alicinaroglu.com/public_html/udemy/html_tema/" local="131644026500000000" remote="131665377600000000" Dst="0" />
<file name="_stacked.scss" server="ftp.alicinaroglu.com/public_html/udemy/html_tema/" local="131644026500000000" remote="131665377600000000" Dst="0" />
<file name="_variables.scss" server="ftp.alicinaroglu.com/public_html/udemy/html_tema/" local="131644026500000000" remote="131665377600000000" Dst="0" />
<file name="fa-brands.css" server="ftp.logoonerileri.com/public_html/" local="131755176081377755" remote="131755180800000000" Dst="0" />
<file name="fa-regular.scss" server="ftp.logoonerileri.com/public_html/" local="131755176015017858" remote="131755180800000000" Dst="0" />
<file name="fa-brands.scss" server="ftp.logoonerileri.com/public_html/" local="131755176014731563" remote="131755180800000000" Dst="0" />
<file name="fa-regular.css" server="ftp.logoonerileri.com/public_html/" local="131755176080248126" remote="131755180800000000" Dst="0" />
<file name="fa-solid.css" server="ftp.logoonerileri.com/public_html/" local="131755176080068180" remote="131755180800000000" Dst="0" />
<file name="fa-solid.scss" server="ftp.logoonerileri.com/public_html/" local="131755176015273986" remote="131755180800000000" Dst="0" />
<file name="fontawesome.css" server="ftp.logoonerileri.com/public_html/" local="131755176102000889" remote="131755180800000000" Dst="0" />
<file name="_animated.scss" server="ftp.logoonerileri.com/public_html/" local="131755176015744158" remote="131755180800000000" Dst="0" />
<file name="fontawesome.scss" server="ftp.logoonerileri.com/public_html/" local="131755176015635120" remote="131755180800000000" Dst="0" />
<file name="_core.scss" server="ftp.logoonerileri.com/public_html/" local="131755176016016416" remote="131755180800000000" Dst="0" />
<file name="_bordered-pulled.scss" server="ftp.logoonerileri.com/public_html/" local="131755176015794147" remote="131755180800000000" Dst="0" />
<file name="_fixed-width.scss" server="ftp.logoonerileri.com/public_html/" local="131755176016126317" remote="131755180800000000" Dst="0" />
<file name="_larger.scss" server="ftp.logoonerileri.com/public_html/" local="131755176016456208" remote="131755180800000000" Dst="0" />
<file name="_list.scss" server="ftp.logoonerileri.com/public_html/" local="131755176016566170" remote="131755180800000000" Dst="0" />
<file name="_icons.scss" server="ftp.logoonerileri.com/public_html/" local="131755176016336248" remote="131755180800000000" Dst="0" />
<file name="_screen-reader.scss" server="ftp.logoonerileri.com/public_html/" local="131755176017115114" remote="131755180800000000" Dst="0" />
<file name="_mixins.scss" server="ftp.logoonerileri.com/public_html/" local="131755176016696130" remote="131755180800000000" Dst="0" />
<file name="_rotated-flipped.scss" server="ftp.logoonerileri.com/public_html/" local="131755176016972311" remote="131755180800000000" Dst="0" />
<file name="_stacked.scss" server="ftp.logoonerileri.com/public_html/" local="131755176017230492" remote="131755180800000000" Dst="0" />
<file name="_variables.scss" server="ftp.logoonerileri.com/public_html/" local="131755176017393296" remote="131755180800000000" Dst="0" />
<file name="fa-brands.css" server="ftp.temamagazasi.com/public_html/sirkettemasi/" local="131757986340007775" remote="131759680200000000" Dst="0" />
<file name="fa-brands.scss" server="ftp.temamagazasi.com/public_html/sirkettemasi/" local="131757986230519542" remote="131759680200000000" Dst="0" />
<file name="fa-regular.css" server="ftp.temamagazasi.com/public_html/sirkettemasi/" local="131757986338448273" remote="131759680200000000" Dst="0" />
<file name="fa-regular.scss" server="ftp.temamagazasi.com/public_html/sirkettemasi/" local="131757986230709481" remote="131759680200000000" Dst="0" />
<file name="fa-solid.scss" server="ftp.temamagazasi.com/public_html/sirkettemasi/" local="131757986230879429" remote="131759680200000000" Dst="0" />
<file name="fa-solid.css" server="ftp.temamagazasi.com/public_html/sirkettemasi/" local="131757986335429256" remote="131759680200000000" Dst="0" />
<file name="fontawesome.scss" server="ftp.temamagazasi.com/public_html/sirkettemasi/" local="131757986231419254" remote="131759680200000000" Dst="0" />
<file name="fontawesome.css" server="ftp.temamagazasi.com/public_html/sirkettemasi/" local="131757986357182211" remote="131759680200000000" Dst="0" />
<file name="_animated.scss" server="ftp.temamagazasi.com/public_html/sirkettemasi/" local="131757986231479239" remote="131759680200000000" Dst="0" />
<file name="_bordered-pulled.scss" server="ftp.temamagazasi.com/public_html/sirkettemasi/" local="131757986231539213" remote="131759680200000000" Dst="0" />
<file name="_core.scss" server="ftp.temamagazasi.com/public_html/sirkettemasi/" local="131757986231599196" remote="131759680200000000" Dst="0" />
<file name="_fixed-width.scss" server="ftp.temamagazasi.com/public_html/sirkettemasi/" local="131757986231769130" remote="131759680200000000" Dst="0" />
<file name="_icons.scss" server="ftp.temamagazasi.com/public_html/sirkettemasi/" local="131757986231829118" remote="131759680200000000" Dst="0" />
<file name="_larger.scss" server="ftp.temamagazasi.com/public_html/sirkettemasi/" local="131757986231879098" remote="131759680200000000" Dst="0" />
<file name="_mixins.scss" server="ftp.temamagazasi.com/public_html/sirkettemasi/" local="131757986231939081" remote="131759680200000000" Dst="0" />
<file name="_rotated-flipped.scss" server="ftp.temamagazasi.com/public_html/sirkettemasi/" local="131757986232069037" remote="131759680200000000" Dst="0" />
<file name="_list.scss" server="ftp.temamagazasi.com/public_html/sirkettemasi/" local="131757986231909095" remote="131759680200000000" Dst="0" />
<file name="_variables.scss" server="ftp.temamagazasi.com/public_html/sirkettemasi/" local="131757986232198991" remote="131759680200000000" Dst="0" />
<file name="_screen-reader.scss" server="ftp.temamagazasi.com/public_html/sirkettemasi/" local="131757986232099032" remote="131759680200000000" Dst="0" />
<file name="_stacked.scss" server="ftp.temamagazasi.com/public_html/sirkettemasi/" local="131757986232129020" remote="131759680200000000" Dst="0" />
<file name="fa-brands.css" server="ftp.temamagazasi.com/public_html/eticarettemasi/" local="131792361356048778" remote="131792364600000000" Dst="0" />
<file name="fa-brands.scss" server="ftp.temamagazasi.com/public_html/eticarettemasi/" local="131792361295163945" remote="131792364600000000" Dst="0" />
<file name="fa-regular.css" server="ftp.temamagazasi.com/public_html/eticarettemasi/" local="131792361354419309" remote="131792364600000000" Dst="0" />
<file name="fa-solid.css" server="ftp.temamagazasi.com/public_html/eticarettemasi/" local="131792361359697598" remote="131792364600000000" Dst="0" />
<file name="fa-regular.scss" server="ftp.temamagazasi.com/public_html/eticarettemasi/" local="131792361295683779" remote="131792364600000000" Dst="0" />
<file name="fa-solid.scss" server="ftp.temamagazasi.com/public_html/eticarettemasi/" local="131792361296023670" remote="131792364600000000" Dst="0" />
<file name="fontawesome.css" server="ftp.temamagazasi.com/public_html/eticarettemasi/" local="131792361375902367" remote="131792364600000000" Dst="0" />
<file name="fontawesome.scss" server="ftp.temamagazasi.com/public_html/eticarettemasi/" local="131792361296503512" remote="131792364600000000" Dst="0" />
<file name="_animated.scss" server="ftp.temamagazasi.com/public_html/eticarettemasi/" local="131792361296683451" remote="131792364600000000" Dst="0" />
<file name="_bordered-pulled.scss" server="ftp.temamagazasi.com/public_html/eticarettemasi/" local="131792361296849965" remote="131792364600000000" Dst="0" />
<file name="_core.scss" server="ftp.temamagazasi.com/public_html/eticarettemasi/" local="131792361296949770" remote="131792364600000000" Dst="0" />
<file name="_fixed-width.scss" server="ftp.temamagazasi.com/public_html/eticarettemasi/" local="131792361297109917" remote="131792364600000000" Dst="0" />
<file name="_larger.scss" server="ftp.temamagazasi.com/public_html/eticarettemasi/" local="131792361297489793" remote="131792364600000000" Dst="0" />
<file name="_icons.scss" server="ftp.temamagazasi.com/public_html/eticarettemasi/" local="131792361297329845" remote="131792364600000000" Dst="0" />
<file name="_list.scss" server="ftp.temamagazasi.com/public_html/eticarettemasi/" local="131792361297599765" remote="131792364600000000" Dst="0" />
<file name="_mixins.scss" server="ftp.temamagazasi.com/public_html/eticarettemasi/" local="131792361297729716" remote="131792364600000000" Dst="0" />
<file name="_rotated-flipped.scss" server="ftp.temamagazasi.com/public_html/eticarettemasi/" local="131792361298054899" remote="131792364600000000" Dst="0" />
<file name="_screen-reader.scss" server="ftp.temamagazasi.com/public_html/eticarettemasi/" local="131792361298204845" remote="131792364600000000" Dst="0" />
<file name="_stacked.scss" server="ftp.temamagazasi.com/public_html/eticarettemasi/" local="131792361298344799" remote="131792364600000000" Dst="0" />
<file name="_variables.scss" server="ftp.temamagazasi.com/public_html/eticarettemasi/" local="131792361298524908" remote="131792364600000000" Dst="0" />
<file name="fa-brands.scss" server="ftp.cohturk.com/public_html/parklastik/" local="131804805026564660" remote="131804806800000000" Dst="0" />
<file name="fa-regular.css" server="ftp.cohturk.com/public_html/parklastik/" local="131804805144118827" remote="131804806800000000" Dst="0" />
<file name="fa-brands.css" server="ftp.cohturk.com/public_html/parklastik/" local="131804805144228796" remote="131804806800000000" Dst="0" />
<file name="fa-regular.scss" server="ftp.cohturk.com/public_html/parklastik/" local="131804805026834574" remote="131804806800000000" Dst="0" />
<file name="fa-solid.css" server="ftp.cohturk.com/public_html/parklastik/" local="131804805144148818" remote="131804806800000000" Dst="0" />
<file name="fa-solid.scss" server="ftp.cohturk.com/public_html/parklastik/" local="131804805027124476" remote="131804806800000000" Dst="0" />
<file name="fontawesome.css" server="ftp.cohturk.com/public_html/parklastik/" local="131804805163152681" remote="131804806800000000" Dst="0" />
<file name="_animated.scss" server="ftp.cohturk.com/public_html/parklastik/" local="131799399980000000" remote="131818164000000000" Dst="0" />
<file name="fontawesome.scss" server="ftp.cohturk.com/public_html/parklastik/" local="131799399980000000" remote="131818163400000000" Dst="0" />
<file name="_bordered-pulled.scss" server="ftp.cohturk.com/public_html/parklastik/" local="131799399980000000" remote="131818164000000000" Dst="0" />
<file name="_fixed-width.scss" server="ftp.cohturk.com/public_html/parklastik/" local="131799399980000000" remote="131818164000000000" Dst="0" />
<file name="_core.scss" server="ftp.cohturk.com/public_html/parklastik/" local="131799399980000000" remote="131818164000000000" Dst="0" />
<file name="_icons.scss" server="ftp.cohturk.com/public_html/parklastik/" local="131799399980000000" remote="131818164000000000" Dst="0" />
<file name="_list.scss" server="ftp.cohturk.com/public_html/parklastik/" local="131799399980000000" remote="131818164000000000" Dst="0" />
<file name="_larger.scss" server="ftp.cohturk.com/public_html/parklastik/" local="131799399980000000" remote="131818164000000000" Dst="0" />
<file name="_mixins.scss" server="ftp.cohturk.com/public_html/parklastik/" local="131799399980000000" remote="131818164000000000" Dst="0" />
<file name="_screen-reader.scss" server="ftp.cohturk.com/public_html/parklastik/" local="131799399980000000" remote="131818164000000000" Dst="0" />
<file name="_stacked.scss" server="ftp.cohturk.com/public_html/parklastik/" local="131799399980000000" remote="131818164000000000" Dst="0" />
<file name="_rotated-flipped.scss" server="ftp.cohturk.com/public_html/parklastik/" local="131799399980000000" remote="131818164000000000" Dst="0" />
<file name="_variables.scss" server="ftp.cohturk.com/public_html/parklastik/" local="131799399980000000" remote="131818164000000000" Dst="0" />
<file name="brands.css" server="ftp.cohturk.com/public_html/parklastik/" local="131818163869789324" remote="131818163400000000" Dst="0" />
<file name="brands.scss" server="ftp.cohturk.com/public_html/parklastik/" local="131799399980000000" remote="131818163400000000" Dst="0" />
<file name="regular.css" server="ftp.cohturk.com/public_html/parklastik/" local="131818163869779318" remote="131818163400000000" Dst="0" />
<file name="regular.scss" server="ftp.cohturk.com/public_html/parklastik/" local="131799399980000000" remote="131818163400000000" Dst="0" />
<file name="solid.css" server="ftp.cohturk.com/public_html/parklastik/" local="131818163869509407" remote="131818163400000000" Dst="0" />
<file name="solid.scss" server="ftp.cohturk.com/public_html/parklastik/" local="131799399980000000" remote="131818163400000000" Dst="0" />
<file name="v4-shims.scss" server="ftp.cohturk.com/public_html/parklastik/" local="131799399980000000" remote="131818163400000000" Dst="0" />
<file name="v4-shims.css" server="ftp.cohturk.com/public_html/parklastik/" local="131818163875457490" remote="131818164000000000" Dst="0" />
<file name="_shims.scss" server="ftp.cohturk.com/public_html/parklastik/" local="131799399980000000" remote="131818164000000000" Dst="0" />
<file name="brands.css" server="ftp.woocommercedersleri.com/public_html/klaus/" local="131957248264192564" remote="131957254800000000" Dst="0" />
<file name="brands.scss" server="ftp.woocommercedersleri.com/public_html/klaus/" local="131896292230000000" remote="131957254800000000" Dst="0" />
<file name="fa-brands.css" server="ftp.woocommercedersleri.com/public_html/klaus/" local="131957248270700449" remote="131957254800000000" Dst="0" />
<file name="fa-brands.scss" server="ftp.woocommercedersleri.com/public_html/klaus/" local="131896292230000000" remote="131957254800000000" Dst="0" />
<file name="fa-regular.css" server="ftp.woocommercedersleri.com/public_html/klaus/" local="131957248265552117" remote="131957254800000000" Dst="0" />
<file name="fa-regular.scss" server="ftp.woocommercedersleri.com/public_html/klaus/" local="131896292230000000" remote="131957254800000000" Dst="0" />
<file name="fa-solid.css" server="ftp.woocommercedersleri.com/public_html/klaus/" local="131957248639174960" remote="131957254800000000" Dst="0" />
<file name="fa-solid.scss" server="ftp.woocommercedersleri.com/public_html/klaus/" local="131896292230000000" remote="131957254800000000" Dst="0" />
<file name="fontawesome.css" server="ftp.woocommercedersleri.com/public_html/klaus/" local="131957248320814180" remote="131957254800000000" Dst="0" />
<file name="fontawesome.scss" server="ftp.woocommercedersleri.com/public_html/klaus/" local="131896292230000000" remote="131957254800000000" Dst="0" />
<file name="regular.css" server="ftp.woocommercedersleri.com/public_html/klaus/" local="131957248261803340" remote="131957254800000000" Dst="0" />
<file name="regular.scss" server="ftp.woocommercedersleri.com/public_html/klaus/" local="131896292230000000" remote="131957254800000000" Dst="0" />
<file name="solid.css" server="ftp.woocommercedersleri.com/public_html/klaus/" local="131957248287385028" remote="131957254800000000" Dst="0" />
<file name="solid.scss" server="ftp.woocommercedersleri.com/public_html/klaus/" local="131896292230000000" remote="131957254800000000" Dst="0" />
<file name="v4-shims.css" server="ftp.woocommercedersleri.com/public_html/klaus/" local="131957248297751661" remote="131957254800000000" Dst="0" />
<file name="v4-shims.scss" server="ftp.woocommercedersleri.com/public_html/klaus/" local="131896292230000000" remote="131957254800000000" Dst="0" />
<file name="_animated.scss" server="ftp.woocommercedersleri.com/public_html/klaus/" local="131896292230000000" remote="131957254800000000" Dst="0" />
<file name="_bordered-pulled.scss" server="ftp.woocommercedersleri.com/public_html/klaus/" local="131896292230000000" remote="131957254800000000" Dst="0" />
<file name="_core.scss" server="ftp.woocommercedersleri.com/public_html/klaus/" local="131896292230000000" remote="131957254800000000" Dst="0" />
<file name="_fixed-width.scss" server="ftp.woocommercedersleri.com/public_html/klaus/" local="131896292230000000" remote="131957254800000000" Dst="0" />
<file name="_larger.scss" server="ftp.woocommercedersleri.com/public_html/klaus/" local="131896292240000000" remote="131957254800000000" Dst="0" />
<file name="_icons.scss" server="ftp.woocommercedersleri.com/public_html/klaus/" local="131896292240000000" remote="131957254800000000" Dst="0" />
<file name="_list.scss" server="ftp.woocommercedersleri.com/public_html/klaus/" local="131896292240000000" remote="131957254800000000" Dst="0" />
<file name="_mixins.scss" server="ftp.woocommercedersleri.com/public_html/klaus/" local="131896292240000000" remote="131957254800000000" Dst="0" />
<file name="_rotated-flipped.scss" server="ftp.woocommercedersleri.com/public_html/klaus/" local="131896292240000000" remote="131957254800000000" Dst="0" />
<file name="_shims.scss" server="ftp.woocommercedersleri.com/public_html/klaus/" local="131896292240000000" remote="131957254800000000" Dst="0" />
<file name="_screen-reader.scss" server="ftp.woocommercedersleri.com/public_html/klaus/" local="131896292240000000" remote="131957254800000000" Dst="0" />
<file name="_stacked.scss" server="ftp.woocommercedersleri.com/public_html/klaus/" local="131896292240000000" remote="131957254800000000" Dst="0" />
<file name="_variables.scss" server="ftp.woocommercedersleri.com/public_html/klaus/" local="131896292240000000" remote="131957254800000000" Dst="0" />
</dwsync>