<?xml version="1.0" encoding="utf-8" ?>
<dwsync>
<file name="jquery-ui-timepicker-addon.css" server="ftp.logoonerileri.com/public_html/armada/" local="131955726296115144" remote="131955648000000000" Dst="0" />
<file name="jquery-ui-timepicker-addon.min.css" server="ftp.logoonerileri.com/public_html/armada/" local="131955726296565004" remote="131955648000000000" Dst="0" />
<file name="jquery-ui-timepicker-addon.js" server="ftp.logoonerileri.com/public_html/armada/" local="131955726296984865" remote="131955648000000000" Dst="0" />
<file name="jquery-ui-timepicker-addon.min.js" server="ftp.logoonerileri.com/public_html/armada/" local="131955726297514694" remote="131955648000000000" Dst="0" />
<file name="jquery-ui-timepicker-addon.css" server="ftp.armadagrandee.com/public_html/" local="131955726296115144" remote="131955894600000000" Dst="0" />
<file name="jquery-ui-timepicker-addon.min.css" server="ftp.armadagrandee.com/public_html/" local="131955726296565004" remote="131955894600000000" Dst="0" />
<file name="jquery-ui-timepicker-addon.js" server="ftp.armadagrandee.com/public_html/" local="131955726296984865" remote="131955894600000000" Dst="0" />
<file name="jquery-ui-timepicker-addon.min.js" server="ftp.armadagrandee.com/public_html/" local="131955726297514694" remote="131955894600000000" Dst="0" />
<file name="jquery-ui-timepicker-addon.css" server="ftp.woocommercedersleri.com/public_html/klaus/" local="131957252741146083" remote="131957265000000000" Dst="0" />
<file name="jquery-ui-timepicker-addon.min.css" server="ftp.woocommercedersleri.com/public_html/klaus/" local="131957252741605931" remote="131957265000000000" Dst="0" />
<file name="jquery-ui-timepicker-addon.js" server="ftp.woocommercedersleri.com/public_html/klaus/" local="131957252741356029" remote="131957265000000000" Dst="0" />
<file name="jquery-ui-timepicker-addon.min.js" server="ftp.woocommercedersleri.com/public_html/klaus/" local="131957252741836025" remote="131957265000000000" Dst="0" />
</dwsync>