<?xml version="1.0" encoding="utf-8" ?>
<dwsync>
<file name="brands.js" server="ftp.cohturk.com/public_html/parklastik/" local="131799399980000000" remote="131818163400000000" Dst="0" />
<file name="brands.min.js" server="ftp.cohturk.com/public_html/parklastik/" local="131799399980000000" remote="131818163400000000" Dst="0" />
<file name="fontawesome.js" server="ftp.cohturk.com/public_html/parklastik/" local="131799399980000000" remote="131818163400000000" Dst="0" />
<file name="fontawesome.min.js" server="ftp.cohturk.com/public_html/parklastik/" local="131799399980000000" remote="131818163400000000" Dst="0" />
<file name="all.js" server="ftp.cohturk.com/public_html/parklastik/" local="131799399980000000" remote="131818163400000000" Dst="0" />
<file name="all.min.js" server="ftp.cohturk.com/public_html/parklastik/" local="131799399980000000" remote="131818163400000000" Dst="0" />
<file name="regular.js" server="ftp.cohturk.com/public_html/parklastik/" local="131799399980000000" remote="131818163400000000" Dst="0" />
<file name="regular.min.js" server="ftp.cohturk.com/public_html/parklastik/" local="131799399980000000" remote="131818163400000000" Dst="0" />
<file name="v4-shims.js" server="ftp.cohturk.com/public_html/parklastik/" local="131799399980000000" remote="131818163400000000" Dst="0" />
<file name="v4-shims.min.js" server="ftp.cohturk.com/public_html/parklastik/" local="131799399980000000" remote="131818163400000000" Dst="0" />
<file name="solid.min.js" server="ftp.cohturk.com/public_html/parklastik/" local="131799399980000000" remote="131818163400000000" Dst="0" />
<file name="solid.js" server="ftp.cohturk.com/public_html/parklastik/" local="131799399980000000" remote="131818163400000000" Dst="0" />
<file name="brands.js" server="ftp.woocommercedersleri.com/public_html/klaus/" local="131896292210000000" remote="131957254800000000" Dst="0" />
<file name="all.min.js" server="ftp.woocommercedersleri.com/public_html/klaus/" local="131896292210000000" remote="131957254800000000" Dst="0" />
<file name="fontawesome.js" server="ftp.woocommercedersleri.com/public_html/klaus/" local="131896292210000000" remote="131957254800000000" Dst="0" />
<file name="brands.min.js" server="ftp.woocommercedersleri.com/public_html/klaus/" local="131896292210000000" remote="131957254800000000" Dst="0" />
<file name="all.js" server="ftp.woocommercedersleri.com/public_html/klaus/" local="131896292210000000" remote="131957254800000000" Dst="0" />
<file name="fontawesome.min.js" server="ftp.woocommercedersleri.com/public_html/klaus/" local="131896292210000000" remote="131957254800000000" Dst="0" />
<file name="regular.js" server="ftp.woocommercedersleri.com/public_html/klaus/" local="131896292210000000" remote="131957254800000000" Dst="0" />
<file name="regular.min.js" server="ftp.woocommercedersleri.com/public_html/klaus/" local="131896292210000000" remote="131957254800000000" Dst="0" />
<file name="v4-shims.js" server="ftp.woocommercedersleri.com/public_html/klaus/" local="131896292220000000" remote="131957254800000000" Dst="0" />
<file name="v4-shims.min.js" server="ftp.woocommercedersleri.com/public_html/klaus/" local="131896292220000000" remote="131957254800000000" Dst="0" />
<file name="solid.js" server="ftp.woocommercedersleri.com/public_html/klaus/" local="131896292210000000" remote="131957254800000000" Dst="0" />
<file name="solid.min.js" server="ftp.woocommercedersleri.com/public_html/klaus/" local="131896292220000000" remote="131957254800000000" Dst="0" />
</dwsync>