<?xml version="1.0" encoding="utf-8" ?>
<dwsync>
<file name="bootstrap.bundle.js" server="ftp.woocommercedersleri.com/public_html/klaus/" local="131957254185556271" remote="131957265000000000" Dst="0" />
<file name="bootstrap.bundle.min.js" server="ftp.woocommercedersleri.com/public_html/klaus/" local="131957254185986136" remote="131957265000000000" Dst="0" />
<file name="bootstrap.bundle.js.map" server="ftp.woocommercedersleri.com/public_html/klaus/" local="131957254185876176" remote="131957265000000000" Dst="0" />
<file name="bootstrap.bundle.min.js.map" server="ftp.woocommercedersleri.com/public_html/klaus/" local="131957254186346020" remote="131957265000000000" Dst="0" />
<file name="bootstrap.js" server="ftp.woocommercedersleri.com/public_html/klaus/" local="131957254186665915" remote="131957265000000000" Dst="0" />
<file name="bootstrap.min.js" server="ftp.woocommercedersleri.com/public_html/klaus/" local="131957254187005801" remote="131957265000000000" Dst="0" />
<file name="bootstrap.js.map" server="ftp.woocommercedersleri.com/public_html/klaus/" local="131957254186905837" remote="131957265000000000" Dst="0" />
<file name="bootstrap.min.js.map" server="ftp.woocommercedersleri.com/public_html/klaus/" local="131957254187295711" remote="131957265000000000" Dst="0" />
</dwsync>