<?xml version="1.0" encoding="utf-8" ?>
<dwsync>
<file name="fa-brands.css" server="ftp.alicinaroglu.com/public_html/" local="131644026500000000" remote="131665360800000000" Dst="0" />
<file name="fa-brands.min.css" server="ftp.alicinaroglu.com/public_html/" local="131644026500000000" remote="131665360800000000" Dst="0" />
<file name="fa-regular.css" server="ftp.alicinaroglu.com/public_html/" local="131644026500000000" remote="131665360800000000" Dst="0" />
<file name="fa-regular.min.css" server="ftp.alicinaroglu.com/public_html/" local="131644026500000000" remote="131665360800000000" Dst="0" />
<file name="fa-solid.css" server="ftp.alicinaroglu.com/public_html/" local="131644026500000000" remote="131665360800000000" Dst="0" />
<file name="fa-solid.min.css" server="ftp.alicinaroglu.com/public_html/" local="131644026500000000" remote="131665360800000000" Dst="0" />
<file name="fontawesome-all.min.css" server="ftp.alicinaroglu.com/public_html/" local="131644026500000000" remote="131665360800000000" Dst="0" />
<file name="fontawesome-all.css" server="ftp.alicinaroglu.com/public_html/" local="131644026500000000" remote="131665360800000000" Dst="0" />
<file name="fontawesome.css" server="ftp.alicinaroglu.com/public_html/" local="131644026500000000" remote="131665360800000000" Dst="0" />
<file name="fontawesome.min.css" server="ftp.alicinaroglu.com/public_html/" local="131644026500000000" remote="131665360800000000" Dst="0" />
<file name="fa-brands.min.css" server="ftp.alicinaroglu.com/public_html/udemy/html_tema/" local="131644026500000000" remote="131665377600000000" Dst="0" />
<file name="fa-regular.css" server="ftp.alicinaroglu.com/public_html/udemy/html_tema/" local="131644026500000000" remote="131665377600000000" Dst="0" />
<file name="fa-brands.css" server="ftp.alicinaroglu.com/public_html/udemy/html_tema/" local="131644026500000000" remote="131665377600000000" Dst="0" />
<file name="fa-regular.min.css" server="ftp.alicinaroglu.com/public_html/udemy/html_tema/" local="131644026500000000" remote="131665377600000000" Dst="0" />
<file name="fa-solid.css" server="ftp.alicinaroglu.com/public_html/udemy/html_tema/" local="131644026500000000" remote="131665377600000000" Dst="0" />
<file name="fontawesome-all.css" server="ftp.alicinaroglu.com/public_html/udemy/html_tema/" local="131644026500000000" remote="131665377600000000" Dst="0" />
<file name="fa-solid.min.css" server="ftp.alicinaroglu.com/public_html/udemy/html_tema/" local="131644026500000000" remote="131665377600000000" Dst="0" />
<file name="fontawesome-all.min.css" server="ftp.alicinaroglu.com/public_html/udemy/html_tema/" local="131644026500000000" remote="131665377600000000" Dst="0" />
<file name="fontawesome.min.css" server="ftp.alicinaroglu.com/public_html/udemy/html_tema/" local="131644026500000000" remote="131665377600000000" Dst="0" />
<file name="fontawesome.css" server="ftp.alicinaroglu.com/public_html/udemy/html_tema/" local="131644026500000000" remote="131665377600000000" Dst="0" />
<file name="fa-brands.min.css" server="ftp.logoonerileri.com/public_html/" local="131755176008282997" remote="131755180800000000" Dst="0" />
<file name="fa-brands.css" server="ftp.logoonerileri.com/public_html/" local="131755176008143052" remote="131755180800000000" Dst="0" />
<file name="fa-regular.css" server="ftp.logoonerileri.com/public_html/" local="131755176008522925" remote="131755180800000000" Dst="0" />
<file name="fa-regular.min.css" server="ftp.logoonerileri.com/public_html/" local="131755176008742854" remote="131755180800000000" Dst="0" />
<file name="fontawesome-all.css" server="ftp.logoonerileri.com/public_html/" local="131755176009331751" remote="131755180800000000" Dst="0" />
<file name="fa-solid.css" server="ftp.logoonerileri.com/public_html/" local="131755176008973115" remote="131755180800000000" Dst="0" />
<file name="fa-solid.min.css" server="ftp.logoonerileri.com/public_html/" local="131755176009108362" remote="131755180800000000" Dst="0" />
<file name="fontawesome.css" server="ftp.logoonerileri.com/public_html/" local="131755176009861582" remote="131755180800000000" Dst="0" />
<file name="fontawesome.min.css" server="ftp.logoonerileri.com/public_html/" local="131755176010121489" remote="131755180800000000" Dst="0" />
<file name="fontawesome-all.min.css" server="ftp.logoonerileri.com/public_html/" local="131755176009601662" remote="131755180800000000" Dst="0" />
<file name="fa-brands.css" server="ftp.temamagazasi.com/public_html/sirkettemasi/" local="131757986226610810" remote="131759680200000000" Dst="0" />
<file name="fa-regular.css" server="ftp.temamagazasi.com/public_html/sirkettemasi/" local="131757986226850738" remote="131759680200000000" Dst="0" />
<file name="fa-brands.min.css" server="ftp.temamagazasi.com/public_html/sirkettemasi/" local="131757986226680792" remote="131759680200000000" Dst="0" />
<file name="fa-regular.min.css" server="ftp.temamagazasi.com/public_html/sirkettemasi/" local="131757986226980689" remote="131759680200000000" Dst="0" />
<file name="fa-solid.css" server="ftp.temamagazasi.com/public_html/sirkettemasi/" local="131757986227060660" remote="131759680200000000" Dst="0" />
<file name="fa-solid.min.css" server="ftp.temamagazasi.com/public_html/sirkettemasi/" local="131757986227190622" remote="131759680200000000" Dst="0" />
<file name="fontawesome-all.css" server="ftp.temamagazasi.com/public_html/sirkettemasi/" local="131757986227500522" remote="131759680200000000" Dst="0" />
<file name="fontawesome-all.min.css" server="ftp.temamagazasi.com/public_html/sirkettemasi/" local="131757986227860409" remote="131759680200000000" Dst="0" />
<file name="fontawesome.css" server="ftp.temamagazasi.com/public_html/sirkettemasi/" local="131757986228140317" remote="131759680200000000" Dst="0" />
<file name="fontawesome.min.css" server="ftp.temamagazasi.com/public_html/sirkettemasi/" local="131757986228410228" remote="131759680200000000" Dst="0" />
<file name="fa-brands.css" server="ftp.temamagazasi.com/public_html/eticarettemasi/" local="131792361288171489" remote="131792364600000000" Dst="0" />
<file name="fa-brands.min.css" server="ftp.temamagazasi.com/public_html/eticarettemasi/" local="131792361288341431" remote="131792364600000000" Dst="0" />
<file name="fa-regular.css" server="ftp.temamagazasi.com/public_html/eticarettemasi/" local="131792361288521371" remote="131792364600000000" Dst="0" />
<file name="fa-regular.min.css" server="ftp.temamagazasi.com/public_html/eticarettemasi/" local="131792361288701313" remote="131792364600000000" Dst="0" />
<file name="fa-solid.css" server="ftp.temamagazasi.com/public_html/eticarettemasi/" local="131792361288861262" remote="131792364600000000" Dst="0" />
<file name="fa-solid.min.css" server="ftp.temamagazasi.com/public_html/eticarettemasi/" local="131792361289151234" remote="131792364600000000" Dst="0" />
<file name="fontawesome-all.css" server="ftp.temamagazasi.com/public_html/eticarettemasi/" local="131792361289592536" remote="131792364600000000" Dst="0" />
<file name="fontawesome-all.min.css" server="ftp.temamagazasi.com/public_html/eticarettemasi/" local="131792361289943831" remote="131792364600000000" Dst="0" />
<file name="fontawesome.css" server="ftp.temamagazasi.com/public_html/eticarettemasi/" local="131792361290414639" remote="131792364600000000" Dst="0" />
<file name="fontawesome.min.css" server="ftp.temamagazasi.com/public_html/eticarettemasi/" local="131792361290754878" remote="131792364600000000" Dst="0" />
<file name="fa-brands.css" server="ftp.cohturk.com/public_html/parklastik/" local="131804805019905659" remote="131804806800000000" Dst="0" />
<file name="fa-brands.min.css" server="ftp.cohturk.com/public_html/parklastik/" local="131804805020176430" remote="131804806800000000" Dst="0" />
<file name="fa-regular.css" server="ftp.cohturk.com/public_html/parklastik/" local="131804805020427964" remote="131804806800000000" Dst="0" />
<file name="fa-solid.css" server="ftp.cohturk.com/public_html/parklastik/" local="131804805020818224" remote="131804806800000000" Dst="0" />
<file name="fa-regular.min.css" server="ftp.cohturk.com/public_html/parklastik/" local="131804805020557921" remote="131804806800000000" Dst="0" />
<file name="fa-solid.min.css" server="ftp.cohturk.com/public_html/parklastik/" local="131804805020978181" remote="131804806800000000" Dst="0" />
<file name="fontawesome-all.css" server="ftp.cohturk.com/public_html/parklastik/" local="131804805021218284" remote="131804806800000000" Dst="0" />
<file name="fontawesome-all.min.css" server="ftp.cohturk.com/public_html/parklastik/" local="131804805021478257" remote="131804806800000000" Dst="0" />
<file name="fontawesome.css" server="ftp.cohturk.com/public_html/parklastik/" local="131799399980000000" remote="131818163400000000" Dst="0" />
<file name="fontawesome.min.css" server="ftp.cohturk.com/public_html/parklastik/" local="131799399980000000" remote="131818163400000000" Dst="0" />
<file name="all.css" server="ftp.cohturk.com/public_html/parklastik/" local="131799399980000000" remote="131818163400000000" Dst="0" />
<file name="brands.css" server="ftp.cohturk.com/public_html/parklastik/" local="131799399980000000" remote="131818163400000000" Dst="0" />
<file name="all.min.css" server="ftp.cohturk.com/public_html/parklastik/" local="131799399980000000" remote="131818163400000000" Dst="0" />
<file name="brands.min.css" server="ftp.cohturk.com/public_html/parklastik/" local="131799399980000000" remote="131818163400000000" Dst="0" />
<file name="regular.css" server="ftp.cohturk.com/public_html/parklastik/" local="131799399980000000" remote="131818163400000000" Dst="0" />
<file name="regular.min.css" server="ftp.cohturk.com/public_html/parklastik/" local="131799399980000000" remote="131818163400000000" Dst="0" />
<file name="solid.css" server="ftp.cohturk.com/public_html/parklastik/" local="131799399980000000" remote="131818163400000000" Dst="0" />
<file name="solid.min.css" server="ftp.cohturk.com/public_html/parklastik/" local="131799399980000000" remote="131818163400000000" Dst="0" />
<file name="svg-with-js.css" server="ftp.cohturk.com/public_html/parklastik/" local="131799399980000000" remote="131818163400000000" Dst="0" />
<file name="svg-with-js.min.css" server="ftp.cohturk.com/public_html/parklastik/" local="131799399980000000" remote="131818163400000000" Dst="0" />
<file name="v4-shims.min.css" server="ftp.cohturk.com/public_html/parklastik/" local="131799399980000000" remote="131818163400000000" Dst="0" />
<file name="v4-shims.css" server="ftp.cohturk.com/public_html/parklastik/" local="131799399980000000" remote="131818163400000000" Dst="0" />
<file name="all.css" server="ftp.woocommercedersleri.com/public_html/klaus/" local="131957254244149167" remote="131957265000000000" Dst="0" />
<file name="all.min.css" server="ftp.woocommercedersleri.com/public_html/klaus/" local="131957254244358661" remote="131957265000000000" Dst="0" />
<file name="brands.css" server="ftp.woocommercedersleri.com/public_html/klaus/" local="131957254244548601" remote="131957265000000000" Dst="0" />
<file name="brands.min.css" server="ftp.woocommercedersleri.com/public_html/klaus/" local="131957254244708546" remote="131957265000000000" Dst="0" />
<file name="fa-brands.css" server="ftp.woocommercedersleri.com/public_html/klaus/" local="131957254244878492" remote="131957265000000000" Dst="0" />
<file name="fa-brands.min.css" server="ftp.woocommercedersleri.com/public_html/klaus/" local="131957254245048436" remote="131957265000000000" Dst="0" />
<file name="fa-regular.css" server="ftp.woocommercedersleri.com/public_html/klaus/" local="131957254245218381" remote="131957265000000000" Dst="0" />
<file name="fa-regular.min.css" server="ftp.woocommercedersleri.com/public_html/klaus/" local="131957254245378332" remote="131957265000000000" Dst="0" />
<file name="fa-solid.css" server="ftp.woocommercedersleri.com/public_html/klaus/" local="131957254245548281" remote="131957265000000000" Dst="0" />
<file name="fa-solid.min.css" server="ftp.woocommercedersleri.com/public_html/klaus/" local="131957254245728219" remote="131957265000000000" Dst="0" />
<file name="fontawesome-all.css" server="ftp.woocommercedersleri.com/public_html/klaus/" local="131957254245938145" remote="131957265000000000" Dst="0" />
<file name="fontawesome-all.min.css" server="ftp.woocommercedersleri.com/public_html/klaus/" local="131957254246168073" remote="131957265000000000" Dst="0" />
<file name="fontawesome.css" server="ftp.woocommercedersleri.com/public_html/klaus/" local="131957254246407994" remote="131957265000000000" Dst="0" />
<file name="fontawesome.min.css" server="ftp.woocommercedersleri.com/public_html/klaus/" local="131957254246627920" remote="131957265000000000" Dst="0" />
<file name="regular.css" server="ftp.woocommercedersleri.com/public_html/klaus/" local="131957254246807866" remote="131957265000000000" Dst="0" />
<file name="regular.min.css" server="ftp.woocommercedersleri.com/public_html/klaus/" local="131957254246987814" remote="131957265000000000" Dst="0" />
<file name="solid.css" server="ftp.woocommercedersleri.com/public_html/klaus/" local="131957254247267752" remote="131957265000000000" Dst="0" />
<file name="solid.min.css" server="ftp.woocommercedersleri.com/public_html/klaus/" local="131957254247437704" remote="131957265000000000" Dst="0" />
<file name="svg-with-js.css" server="ftp.woocommercedersleri.com/public_html/klaus/" local="131957254247617639" remote="131957265000000000" Dst="0" />
<file name="svg-with-js.min.css" server="ftp.woocommercedersleri.com/public_html/klaus/" local="131957254247777589" remote="131957265000000000" Dst="0" />
<file name="v4-shims.min.css" server="ftp.woocommercedersleri.com/public_html/klaus/" local="131957254248197457" remote="131957265000000000" Dst="0" />
<file name="v4-shims.css" server="ftp.woocommercedersleri.com/public_html/klaus/" local="131957254248027509" remote="131957265000000000" Dst="0" />
</dwsync>