<?xml version="1.0" encoding="utf-8" ?>
<dwsync>
<file name="api-field-group.php" server="ftp.logoonerileri.com/public_html/armada/" local="131955726324921188" remote="131708052000000000" Dst="0" />
<file name="api-field.php" server="ftp.logoonerileri.com/public_html/armada/" local="131955726325201098" remote="131708052000000000" Dst="0" />
<file name="api-helpers.php" server="ftp.logoonerileri.com/public_html/armada/" local="131955726325690941" remote="131955648000000000" Dst="0" />
<file name="api-input.php" server="ftp.logoonerileri.com/public_html/armada/" local="131955726325860884" remote="131955648000000000" Dst="0" />
<file name="api-template.php" server="ftp.logoonerileri.com/public_html/armada/" local="131955726326290761" remote="131955648000000000" Dst="0" />
<file name="api-term.php" server="ftp.logoonerileri.com/public_html/armada/" local="131955726326460697" remote="131955648000000000" Dst="0" />
<file name="api-value.php" server="ftp.logoonerileri.com/public_html/armada/" local="131955726326790595" remote="131708052000000000" Dst="0" />
<file name="api-field-group.php" server="ftp.armadagrandee.com/public_html/" local="131955726324921188" remote="131955894600000000" Dst="0" />
<file name="api-field.php" server="ftp.armadagrandee.com/public_html/" local="131955726325201098" remote="131955894600000000" Dst="0" />
<file name="api-helpers.php" server="ftp.armadagrandee.com/public_html/" local="131955726325690941" remote="131955894600000000" Dst="0" />
<file name="api-input.php" server="ftp.armadagrandee.com/public_html/" local="131955726325860884" remote="131955894600000000" Dst="0" />
<file name="api-template.php" server="ftp.armadagrandee.com/public_html/" local="131955726326290761" remote="131955894600000000" Dst="0" />
<file name="api-term.php" server="ftp.armadagrandee.com/public_html/" local="131955726326460697" remote="131955894600000000" Dst="0" />
<file name="api-value.php" server="ftp.armadagrandee.com/public_html/" local="131955726326790595" remote="131955894600000000" Dst="0" />
<file name="api-field-group.php" server="ftp.woocommercedersleri.com/public_html/klaus/" local="131957252768904798" remote="131957265000000000" Dst="0" />
<file name="api-field.php" server="ftp.woocommercedersleri.com/public_html/klaus/" local="131957252769424510" remote="131957265000000000" Dst="0" />
<file name="api-helpers.php" server="ftp.woocommercedersleri.com/public_html/klaus/" local="131957252770114286" remote="131957265000000000" Dst="0" />
<file name="api-input.php" server="ftp.woocommercedersleri.com/public_html/klaus/" local="131957252770484163" remote="131957265000000000" Dst="0" />
<file name="api-template.php" server="ftp.woocommercedersleri.com/public_html/klaus/" local="131957252770844051" remote="131957265000000000" Dst="0" />
<file name="api-term.php" server="ftp.woocommercedersleri.com/public_html/klaus/" local="131957252771173938" remote="131957265000000000" Dst="0" />
<file name="api-value.php" server="ftp.woocommercedersleri.com/public_html/klaus/" local="131957252771613948" remote="131957265000000000" Dst="0" />
</dwsync>