<?xml version="1.0" encoding="utf-8" ?>
<dwsync>
<file name="accessibility.css" server="ftp.flatisler.com/public_html/" local="131867843498117984" remote="131877967200000000" Dst="0" />
<file name="base.css" server="ftp.flatisler.com/public_html/" local="131867843498337913" remote="131877967200000000" Dst="0" />
<file name="container.css" server="ftp.flatisler.com/public_html/" local="131867843498617867" remote="131877967200000000" Dst="0" />
<file name="drawer.css" server="ftp.flatisler.com/public_html/" local="131867843498837763" remote="131877967200000000" Dst="0" />
<file name="dropdown.css" server="ftp.flatisler.com/public_html/" local="131867843499137657" remote="131877967200000000" Dst="0" />
<file name="hamburger.css" server="ftp.flatisler.com/public_html/" local="131867843499337599" remote="131877967200000000" Dst="0" />
<file name="navbar.css" server="ftp.flatisler.com/public_html/" local="131867843499517536" remote="131877967200000000" Dst="0" />
<file name="position-left.css" server="ftp.flatisler.com/public_html/" local="131867843499687476" remote="131877967200000000" Dst="0" />
<file name="position-right.css" server="ftp.flatisler.com/public_html/" local="131867843499867421" remote="131877967200000000" Dst="0" />
<file name="position-top.css" server="ftp.flatisler.com/public_html/" local="131867843500127344" remote="131877967200000000" Dst="0" />
<file name="sidebar.css" server="ftp.flatisler.com/public_html/" local="131867843500337272" remote="131877967200000000" Dst="0" />
<file name="variables.css" server="ftp.flatisler.com/public_html/" local="131867843500577188" remote="131877967200000000" Dst="0" />
<file name="accessibility.css" server="ftp.woocommercedersleri.com/public_html/klaus/" local="131897070420000000" remote="131957254800000000" Dst="0" />
<file name="base.css" server="ftp.woocommercedersleri.com/public_html/klaus/" local="131897070420000000" remote="131957254800000000" Dst="0" />
<file name="container.css" server="ftp.woocommercedersleri.com/public_html/klaus/" local="131897070420000000" remote="131957254800000000" Dst="0" />
<file name="drawer.css" server="ftp.woocommercedersleri.com/public_html/klaus/" local="131897070420000000" remote="131957254800000000" Dst="0" />
<file name="dropdown.css" server="ftp.woocommercedersleri.com/public_html/klaus/" local="131897070420000000" remote="131957254800000000" Dst="0" />
<file name="hamburger.css" server="ftp.woocommercedersleri.com/public_html/klaus/" local="131897070420000000" remote="131957254800000000" Dst="0" />
<file name="navbar.css" server="ftp.woocommercedersleri.com/public_html/klaus/" local="131897070420000000" remote="131957254800000000" Dst="0" />
<file name="position-left.css" server="ftp.woocommercedersleri.com/public_html/klaus/" local="131897070420000000" remote="131957254800000000" Dst="0" />
<file name="position-right.css" server="ftp.woocommercedersleri.com/public_html/klaus/" local="131897070420000000" remote="131957254800000000" Dst="0" />
<file name="position-top.css" server="ftp.woocommercedersleri.com/public_html/klaus/" local="131897070420000000" remote="131957254800000000" Dst="0" />
<file name="sidebar.css" server="ftp.woocommercedersleri.com/public_html/klaus/" local="131897070420000000" remote="131957254800000000" Dst="0" />
<file name="variables.css" server="ftp.woocommercedersleri.com/public_html/klaus/" local="131897070420000000" remote="131957254800000000" Dst="0" />
</dwsync>