<?xml version="1.0" encoding="utf-8" ?>
<dwsync>
<file name="acf-data-functions.php" server="ftp.logoonerileri.com/public_html/armada/" local="131955726302303138" remote="131955648000000000" Dst="0" />
<file name="acf-deprecated-functions.php" server="ftp.logoonerileri.com/public_html/armada/" local="131955726302553065" remote="131955648000000000" Dst="0" />
<file name="acf-field-functions.php" server="ftp.logoonerileri.com/public_html/armada/" local="131955726302990875" remote="131955648000000000" Dst="0" />
<file name="acf-field-group-functions.php" server="ftp.logoonerileri.com/public_html/armada/" local="131955726303190814" remote="131955648000000000" Dst="0" />
<file name="acf-form-functions.php" server="ftp.logoonerileri.com/public_html/armada/" local="131955726303290781" remote="131955648000000000" Dst="0" />
<file name="acf-helper-functions.php" server="ftp.logoonerileri.com/public_html/armada/" local="131955726303669865" remote="131955648000000000" Dst="0" />
<file name="acf-hook-functions.php" server="ftp.logoonerileri.com/public_html/armada/" local="131955726303839812" remote="131955648000000000" Dst="0" />
<file name="acf-meta-functions.php" server="ftp.logoonerileri.com/public_html/armada/" local="131955726304069736" remote="131955648000000000" Dst="0" />
<file name="acf-post-functions.php" server="ftp.logoonerileri.com/public_html/armada/" local="131955726304529592" remote="131955648000000000" Dst="0" />
<file name="acf-user-functions.php" server="ftp.logoonerileri.com/public_html/armada/" local="131955726304699537" remote="131955648000000000" Dst="0" />
<file name="acf-value-functions.php" server="ftp.logoonerileri.com/public_html/armada/" local="131955726305039423" remote="131955648000000000" Dst="0" />
<file name="ajax.php" server="ftp.logoonerileri.com/public_html/armada/" local="131955726324601303" remote="131708052000000000" Dst="0" />
<file name="assets.php" server="ftp.logoonerileri.com/public_html/armada/" local="131955726327010517" remote="131955648000000000" Dst="0" />
<file name="cache.php" server="ftp.logoonerileri.com/public_html/armada/" local="131955726327390658" remote="131708052000000000" Dst="0" />
<file name="class-acf-data.php" server="ftp.logoonerileri.com/public_html/armada/" local="131955726327840507" remote="131955648000000000" Dst="0" />
<file name="compatibility.php" server="ftp.logoonerileri.com/public_html/armada/" local="131955726328070439" remote="131955648000000000" Dst="0" />
<file name="deprecated.php" server="ftp.logoonerileri.com/public_html/armada/" local="131955726328270375" remote="131955648000000000" Dst="0" />
<file name="fields.php" server="ftp.logoonerileri.com/public_html/armada/" local="131955726339708177" remote="131955648000000000" Dst="0" />
<file name="input.php" server="ftp.logoonerileri.com/public_html/armada/" local="131955726343323752" remote="131708052000000000" Dst="0" />
<file name="json.php" server="ftp.logoonerileri.com/public_html/armada/" local="131955726343893572" remote="131955648000000000" Dst="0" />
<file name="l10n.php" server="ftp.logoonerileri.com/public_html/armada/" local="131955726344113496" remote="131955648000000000" Dst="0" />
<file name="local-fields.php" server="ftp.logoonerileri.com/public_html/armada/" local="131955726344423388" remote="131955648000000000" Dst="0" />
<file name="local.php" server="ftp.logoonerileri.com/public_html/armada/" local="131955726344793284" remote="131708052000000000" Dst="0" />
<file name="locations.php" server="ftp.logoonerileri.com/public_html/armada/" local="131955726351161695" remote="131955648000000000" Dst="0" />
<file name="loop.php" server="ftp.logoonerileri.com/public_html/armada/" local="131955726351471598" remote="131955648000000000" Dst="0" />
<file name="media.php" server="ftp.logoonerileri.com/public_html/armada/" local="131955726351891457" remote="131955648000000000" Dst="0" />
<file name="revisions.php" server="ftp.logoonerileri.com/public_html/armada/" local="131955726352181363" remote="131955648000000000" Dst="0" />
<file name="third-party.php" server="ftp.logoonerileri.com/public_html/armada/" local="131955726352351320" remote="131955648000000000" Dst="0" />
<file name="updates.php" server="ftp.logoonerileri.com/public_html/armada/" local="131955726352701213" remote="131955648000000000" Dst="0" />
<file name="upgrades.php" server="ftp.logoonerileri.com/public_html/armada/" local="131955726353031093" remote="131955648000000000" Dst="0" />
<file name="validation.php" server="ftp.logoonerileri.com/public_html/armada/" local="131955726353241029" remote="131955648000000000" Dst="0" />
<file name="wpml.php" server="ftp.logoonerileri.com/public_html/armada/" local="131955726353920836" remote="131955648000000000" Dst="0" />
<file name="acf-data-functions.php" server="ftp.armadagrandee.com/public_html/" local="131955726302303138" remote="131955894600000000" Dst="0" />
<file name="acf-deprecated-functions.php" server="ftp.armadagrandee.com/public_html/" local="131955726302553065" remote="131955894600000000" Dst="0" />
<file name="acf-field-functions.php" server="ftp.armadagrandee.com/public_html/" local="131955726302990875" remote="131955894600000000" Dst="0" />
<file name="acf-field-group-functions.php" server="ftp.armadagrandee.com/public_html/" local="131955726303190814" remote="131955894600000000" Dst="0" />
<file name="acf-form-functions.php" server="ftp.armadagrandee.com/public_html/" local="131955726303290781" remote="131955894600000000" Dst="0" />
<file name="acf-helper-functions.php" server="ftp.armadagrandee.com/public_html/" local="131955726303669865" remote="131955894600000000" Dst="0" />
<file name="acf-meta-functions.php" server="ftp.armadagrandee.com/public_html/" local="131955726304069736" remote="131955894600000000" Dst="0" />
<file name="acf-post-functions.php" server="ftp.armadagrandee.com/public_html/" local="131955726304529592" remote="131955894600000000" Dst="0" />
<file name="acf-hook-functions.php" server="ftp.armadagrandee.com/public_html/" local="131955726303839812" remote="131955894600000000" Dst="0" />
<file name="acf-value-functions.php" server="ftp.armadagrandee.com/public_html/" local="131955726305039423" remote="131955894600000000" Dst="0" />
<file name="acf-user-functions.php" server="ftp.armadagrandee.com/public_html/" local="131955726304699537" remote="131955894600000000" Dst="0" />
<file name="ajax.php" server="ftp.armadagrandee.com/public_html/" local="131955726324601303" remote="131955894600000000" Dst="0" />
<file name="assets.php" server="ftp.armadagrandee.com/public_html/" local="131955726327010517" remote="131955894600000000" Dst="0" />
<file name="cache.php" server="ftp.armadagrandee.com/public_html/" local="131955726327390658" remote="131955894600000000" Dst="0" />
<file name="class-acf-data.php" server="ftp.armadagrandee.com/public_html/" local="131955726327840507" remote="131955894600000000" Dst="0" />
<file name="compatibility.php" server="ftp.armadagrandee.com/public_html/" local="131955726328070439" remote="131955894600000000" Dst="0" />
<file name="deprecated.php" server="ftp.armadagrandee.com/public_html/" local="131955726328270375" remote="131955894600000000" Dst="0" />
<file name="fields.php" server="ftp.armadagrandee.com/public_html/" local="131955726339708177" remote="131955894600000000" Dst="0" />
<file name="input.php" server="ftp.armadagrandee.com/public_html/" local="131955726343323752" remote="131955894600000000" Dst="0" />
<file name="json.php" server="ftp.armadagrandee.com/public_html/" local="131955726343893572" remote="131955894600000000" Dst="0" />
<file name="l10n.php" server="ftp.armadagrandee.com/public_html/" local="131955726344113496" remote="131955894600000000" Dst="0" />
<file name="local-fields.php" server="ftp.armadagrandee.com/public_html/" local="131955726344423388" remote="131955894600000000" Dst="0" />
<file name="local.php" server="ftp.armadagrandee.com/public_html/" local="131955726344793284" remote="131955894600000000" Dst="0" />
<file name="locations.php" server="ftp.armadagrandee.com/public_html/" local="131955726351161695" remote="131955894600000000" Dst="0" />
<file name="loop.php" server="ftp.armadagrandee.com/public_html/" local="131955726351471598" remote="131955894600000000" Dst="0" />
<file name="media.php" server="ftp.armadagrandee.com/public_html/" local="131955726351891457" remote="131955894600000000" Dst="0" />
<file name="revisions.php" server="ftp.armadagrandee.com/public_html/" local="131955726352181363" remote="131955894600000000" Dst="0" />
<file name="third-party.php" server="ftp.armadagrandee.com/public_html/" local="131955726352351320" remote="131955894600000000" Dst="0" />
<file name="updates.php" server="ftp.armadagrandee.com/public_html/" local="131955726352701213" remote="131955894600000000" Dst="0" />
<file name="upgrades.php" server="ftp.armadagrandee.com/public_html/" local="131955726353031093" remote="131955894600000000" Dst="0" />
<file name="validation.php" server="ftp.armadagrandee.com/public_html/" local="131955726353241029" remote="131955894600000000" Dst="0" />
<file name="wpml.php" server="ftp.armadagrandee.com/public_html/" local="131955726353920836" remote="131955894600000000" Dst="0" />
<file name="acf-data-functions.php" server="ftp.woocommercedersleri.com/public_html/klaus/" local="131957252747695914" remote="131957265000000000" Dst="0" />
<file name="acf-deprecated-functions.php" server="ftp.woocommercedersleri.com/public_html/klaus/" local="131957252747995447" remote="131957265000000000" Dst="0" />
<file name="acf-field-functions.php" server="ftp.woocommercedersleri.com/public_html/klaus/" local="131957252748315345" remote="131957265000000000" Dst="0" />
<file name="acf-field-group-functions.php" server="ftp.woocommercedersleri.com/public_html/klaus/" local="131957252748645240" remote="131957265000000000" Dst="0" />
<file name="acf-form-functions.php" server="ftp.woocommercedersleri.com/public_html/klaus/" local="131957252749005121" remote="131957265000000000" Dst="0" />
<file name="acf-helper-functions.php" server="ftp.woocommercedersleri.com/public_html/klaus/" local="131957252749265038" remote="131957265000000000" Dst="0" />
<file name="acf-hook-functions.php" server="ftp.woocommercedersleri.com/public_html/klaus/" local="131957252749844882" remote="131957265000000000" Dst="0" />
<file name="acf-meta-functions.php" server="ftp.woocommercedersleri.com/public_html/klaus/" local="131957252750124949" remote="131957265000000000" Dst="0" />
<file name="acf-post-functions.php" server="ftp.woocommercedersleri.com/public_html/klaus/" local="131957252750675939" remote="131957265000000000" Dst="0" />
<file name="acf-user-functions.php" server="ftp.woocommercedersleri.com/public_html/klaus/" local="131957252750925853" remote="131957265000000000" Dst="0" />
<file name="acf-value-functions.php" server="ftp.woocommercedersleri.com/public_html/klaus/" local="131957252751325732" remote="131957265000000000" Dst="0" />
<file name="ajax.php" server="ftp.woocommercedersleri.com/public_html/klaus/" local="131957252768624872" remote="131957265000000000" Dst="0" />
<file name="assets.php" server="ftp.woocommercedersleri.com/public_html/klaus/" local="131957252772724192" remote="131957265000000000" Dst="0" />
<file name="cache.php" server="ftp.woocommercedersleri.com/public_html/klaus/" local="131957252773334114" remote="131957265000000000" Dst="0" />
<file name="class-acf-data.php" server="ftp.woocommercedersleri.com/public_html/klaus/" local="131957252773653994" remote="131957265000000000" Dst="0" />
<file name="compatibility.php" server="ftp.woocommercedersleri.com/public_html/klaus/" local="131957252773914437" remote="131957265000000000" Dst="0" />
<file name="deprecated.php" server="ftp.woocommercedersleri.com/public_html/klaus/" local="131957252774333789" remote="131957265000000000" Dst="0" />
<file name="fields.php" server="ftp.woocommercedersleri.com/public_html/klaus/" local="131957252792510372" remote="131957265000000000" Dst="0" />
<file name="input.php" server="ftp.woocommercedersleri.com/public_html/klaus/" local="131957252797758668" remote="131957265000000000" Dst="0" />
<file name="json.php" server="ftp.woocommercedersleri.com/public_html/klaus/" local="131957252798688502" remote="131957265000000000" Dst="0" />
<file name="l10n.php" server="ftp.woocommercedersleri.com/public_html/klaus/" local="131957252799008404" remote="131957265000000000" Dst="0" />
<file name="local-fields.php" server="ftp.woocommercedersleri.com/public_html/klaus/" local="131957252799268317" remote="131957265000000000" Dst="0" />
<file name="local.php" server="ftp.woocommercedersleri.com/public_html/klaus/" local="131957252799808142" remote="131957265000000000" Dst="0" />
<file name="locations.php" server="ftp.woocommercedersleri.com/public_html/klaus/" local="131957252807185825" remote="131957265000000000" Dst="0" />
<file name="loop.php" server="ftp.woocommercedersleri.com/public_html/klaus/" local="131957252807956231" remote="131957265000000000" Dst="0" />
<file name="media.php" server="ftp.woocommercedersleri.com/public_html/klaus/" local="131957252808265782" remote="131957265000000000" Dst="0" />
<file name="revisions.php" server="ftp.woocommercedersleri.com/public_html/klaus/" local="131957252808575602" remote="131957265000000000" Dst="0" />
<file name="third-party.php" server="ftp.woocommercedersleri.com/public_html/klaus/" local="131957252808965479" remote="131957265000000000" Dst="0" />
<file name="updates.php" server="ftp.woocommercedersleri.com/public_html/klaus/" local="131957252809285373" remote="131957265000000000" Dst="0" />
<file name="upgrades.php" server="ftp.woocommercedersleri.com/public_html/klaus/" local="131957252809745225" remote="131957265000000000" Dst="0" />
<file name="validation.php" server="ftp.woocommercedersleri.com/public_html/klaus/" local="131957252810095178" remote="131957265000000000" Dst="0" />
<file name="wpml.php" server="ftp.woocommercedersleri.com/public_html/klaus/" local="131957252811574679" remote="131957265000000000" Dst="0" />
</dwsync>