<?xml version="1.0" encoding="utf-8" ?>
<dwsync>
<file name="select2-spinner.gif" server="ftp.logoonerileri.com/public_html/armada/" local="131955726289857164" remote="131955648000000000" Dst="0" />
<file name="select2.css" server="ftp.logoonerileri.com/public_html/armada/" local="131955726290177067" remote="131955648000000000" Dst="0" />
<file name="select2.js" server="ftp.logoonerileri.com/public_html/armada/" local="131955726290596928" remote="131955648000000000" Dst="0" />
<file name="select2.min.js" server="ftp.logoonerileri.com/public_html/armada/" local="131955726291106769" remote="131955648000000000" Dst="0" />
<file name="select2.png" server="ftp.logoonerileri.com/public_html/armada/" local="131955726291456654" remote="131955648000000000" Dst="0" />
<file name="select2x2.png" server="ftp.logoonerileri.com/public_html/armada/" local="131955726291766556" remote="131955648000000000" Dst="0" />
<file name="select2-spinner.gif" server="ftp.armadagrandee.com/public_html/" local="131955726289857164" remote="131955894600000000" Dst="0" />
<file name="select2.css" server="ftp.armadagrandee.com/public_html/" local="131955726290177067" remote="131955894600000000" Dst="0" />
<file name="select2.js" server="ftp.armadagrandee.com/public_html/" local="131955726290596928" remote="131955894600000000" Dst="0" />
<file name="select2.png" server="ftp.armadagrandee.com/public_html/" local="131955726291456654" remote="131955894600000000" Dst="0" />
<file name="select2.min.js" server="ftp.armadagrandee.com/public_html/" local="131955726291106769" remote="131955894600000000" Dst="0" />
<file name="select2x2.png" server="ftp.armadagrandee.com/public_html/" local="131955726291766556" remote="131955894600000000" Dst="0" />
<file name="select2-spinner.gif" server="ftp.woocommercedersleri.com/public_html/klaus/" local="131957252736174019" remote="131957265000000000" Dst="0" />
<file name="select2.css" server="ftp.woocommercedersleri.com/public_html/klaus/" local="131957252736253986" remote="131957265000000000" Dst="0" />
<file name="select2.png" server="ftp.woocommercedersleri.com/public_html/klaus/" local="131957252737543734" remote="131957265000000000" Dst="0" />
<file name="select2.js" server="ftp.woocommercedersleri.com/public_html/klaus/" local="131957252736674017" remote="131957265000000000" Dst="0" />
<file name="select2.min.js" server="ftp.woocommercedersleri.com/public_html/klaus/" local="131957252737233666" remote="131957265000000000" Dst="0" />
<file name="select2x2.png" server="ftp.woocommercedersleri.com/public_html/klaus/" local="131957252737713629" remote="131957265000000000" Dst="0" />
</dwsync>