<?xml version="1.0" encoding="utf-8" ?>
<dwsync>
<file name="class-acf-admin-tool-export.php" server="ftp.logoonerileri.com/public_html/armada/" local="131955726310822616" remote="131955648000000000" Dst="0" />
<file name="class-acf-admin-tool-import.php" server="ftp.logoonerileri.com/public_html/armada/" local="131955726311822291" remote="131955648000000000" Dst="0" />
<file name="class-acf-admin-tool.php" server="ftp.logoonerileri.com/public_html/armada/" local="131955726312192175" remote="131955648000000000" Dst="0" />
<file name="class-acf-admin-tool-export.php" server="ftp.armadagrandee.com/public_html/" local="131955726310822616" remote="131955894600000000" Dst="0" />
<file name="class-acf-admin-tool-import.php" server="ftp.armadagrandee.com/public_html/" local="131955726311822291" remote="131955894600000000" Dst="0" />
<file name="class-acf-admin-tool.php" server="ftp.armadagrandee.com/public_html/" local="131955726312192175" remote="131955894600000000" Dst="0" />
<file name="class-acf-admin-tool-export.php" server="ftp.woocommercedersleri.com/public_html/klaus/" local="131957252756534228" remote="131957265000000000" Dst="0" />
<file name="class-acf-admin-tool-import.php" server="ftp.woocommercedersleri.com/public_html/klaus/" local="131957252757775011" remote="131957265000000000" Dst="0" />
<file name="class-acf-admin-tool.php" server="ftp.woocommercedersleri.com/public_html/klaus/" local="131957252758104775" remote="131957265000000000" Dst="0" />
</dwsync>