<?xml version="1.0" encoding="utf-8" ?>
<dwsync>
<file name="admin-options-page.php" server="ftp.logoonerileri.com/public_html/armada/" local="131955726375782312" remote="131955648000000000" Dst="0" />
<file name="admin-settings-updates.php" server="ftp.logoonerileri.com/public_html/armada/" local="131955726376407262" remote="131708052000000000" Dst="0" />
<file name="admin-updates.php" server="ftp.logoonerileri.com/public_html/armada/" local="131955726376674980" remote="131955648000000000" Dst="0" />
<file name="admin-options-page.php" server="ftp.armadagrandee.com/public_html/" local="131955726375782312" remote="131955894600000000" Dst="0" />
<file name="admin-updates.php" server="ftp.armadagrandee.com/public_html/" local="131955726376674980" remote="131955894600000000" Dst="0" />
<file name="admin-settings-updates.php" server="ftp.armadagrandee.com/public_html/" local="131955726376407262" remote="131955894600000000" Dst="0" />
<file name="admin-options-page.php" server="ftp.woocommercedersleri.com/public_html/klaus/" local="131957252837960202" remote="131957265000000000" Dst="0" />
<file name="admin-settings-updates.php" server="ftp.woocommercedersleri.com/public_html/klaus/" local="131957252838280098" remote="131957265000000000" Dst="0" />
<file name="admin-updates.php" server="ftp.woocommercedersleri.com/public_html/klaus/" local="131957252838599994" remote="131957265000000000" Dst="0" />
</dwsync>