<?xml version="1.0" encoding="utf-8" ?>
<dwsync>
<file name="admin-field-group.php" server="ftp.logoonerileri.com/public_html/armada/" local="131955726305589245" remote="131955648000000000" Dst="0" />
<file name="admin-field-groups.php" server="ftp.logoonerileri.com/public_html/armada/" local="131955726306119075" remote="131955648000000000" Dst="0" />
<file name="admin-notices.php" server="ftp.logoonerileri.com/public_html/armada/" local="131955726307423717" remote="131955648000000000" Dst="0" />
<file name="admin-tools.php" server="ftp.logoonerileri.com/public_html/armada/" local="131955726308133488" remote="131955648000000000" Dst="0" />
<file name="admin-upgrade.php" server="ftp.logoonerileri.com/public_html/armada/" local="131955726308473376" remote="131955648000000000" Dst="0" />
<file name="admin.php" server="ftp.logoonerileri.com/public_html/armada/" local="131955726308903239" remote="131955648000000000" Dst="0" />
<file name="install-network.php" server="ftp.logoonerileri.com/public_html/armada/" local="131955726309183143" remote="131708052000000000" Dst="0" />
<file name="install-updates.php" server="ftp.logoonerileri.com/public_html/armada/" local="131955726309433071" remote="131708052000000000" Dst="0" />
<file name="install.php" server="ftp.logoonerileri.com/public_html/armada/" local="131955726309593024" remote="131708052000000000" Dst="0" />
<file name="settings-addons.php" server="ftp.logoonerileri.com/public_html/armada/" local="131955726310272792" remote="131708052000000000" Dst="0" />
<file name="settings-info.php" server="ftp.logoonerileri.com/public_html/armada/" local="131955726310472729" remote="131955648000000000" Dst="0" />
<file name="admin-field-group.php" server="ftp.armadagrandee.com/public_html/" local="131955726305589245" remote="131955894600000000" Dst="0" />
<file name="admin-notices.php" server="ftp.armadagrandee.com/public_html/" local="131955726307423717" remote="131955894600000000" Dst="0" />
<file name="admin-field-groups.php" server="ftp.armadagrandee.com/public_html/" local="131955726306119075" remote="131955894600000000" Dst="0" />
<file name="admin-tools.php" server="ftp.armadagrandee.com/public_html/" local="131955726308133488" remote="131955894600000000" Dst="0" />
<file name="admin-upgrade.php" server="ftp.armadagrandee.com/public_html/" local="131955726308473376" remote="131955894600000000" Dst="0" />
<file name="admin.php" server="ftp.armadagrandee.com/public_html/" local="131955726308903239" remote="131955894600000000" Dst="0" />
<file name="install-network.php" server="ftp.armadagrandee.com/public_html/" local="131955726309183143" remote="131955894600000000" Dst="0" />
<file name="install-updates.php" server="ftp.armadagrandee.com/public_html/" local="131955726309433071" remote="131955894600000000" Dst="0" />
<file name="install.php" server="ftp.armadagrandee.com/public_html/" local="131955726309593024" remote="131955894600000000" Dst="0" />
<file name="settings-addons.php" server="ftp.armadagrandee.com/public_html/" local="131955726310272792" remote="131955894600000000" Dst="0" />
<file name="settings-info.php" server="ftp.armadagrandee.com/public_html/" local="131955726310472729" remote="131955894600000000" Dst="0" />
<file name="admin-field-group.php" server="ftp.woocommercedersleri.com/public_html/klaus/" local="131957252751705598" remote="131957265000000000" Dst="0" />
<file name="admin-field-groups.php" server="ftp.woocommercedersleri.com/public_html/klaus/" local="131957252752485344" remote="131957265000000000" Dst="0" />
<file name="admin-notices.php" server="ftp.woocommercedersleri.com/public_html/klaus/" local="131957252753185118" remote="131957265000000000" Dst="0" />
<file name="admin-upgrade.php" server="ftp.woocommercedersleri.com/public_html/klaus/" local="131957252753784923" remote="131957265000000000" Dst="0" />
<file name="admin-tools.php" server="ftp.woocommercedersleri.com/public_html/klaus/" local="131957252753535146" remote="131957265000000000" Dst="0" />
<file name="admin.php" server="ftp.woocommercedersleri.com/public_html/klaus/" local="131957252754144806" remote="131957265000000000" Dst="0" />
<file name="install-network.php" server="ftp.woocommercedersleri.com/public_html/klaus/" local="131957252754654837" remote="131957265000000000" Dst="0" />
<file name="install-updates.php" server="ftp.woocommercedersleri.com/public_html/klaus/" local="131957252754914917" remote="131957265000000000" Dst="0" />
<file name="install.php" server="ftp.woocommercedersleri.com/public_html/klaus/" local="131957252755334623" remote="131957265000000000" Dst="0" />
<file name="settings-addons.php" server="ftp.woocommercedersleri.com/public_html/klaus/" local="131957252755614533" remote="131957265000000000" Dst="0" />
<file name="settings-info.php" server="ftp.woocommercedersleri.com/public_html/klaus/" local="131957252755864601" remote="131957265000000000" Dst="0" />
</dwsync>