<?xml version="1.0" encoding="utf-8" ?>
<dwsync>
<file name="address-card.svg" server="ftp.cohturk.com/public_html/parklastik/" local="131799399980000000" remote="131818164000000000" Dst="0" />
<file name="address-book.svg" server="ftp.cohturk.com/public_html/parklastik/" local="131799399980000000" remote="131818164000000000" Dst="0" />
<file name="arrow-alt-circle-down.svg" server="ftp.cohturk.com/public_html/parklastik/" local="131799399980000000" remote="131818164000000000" Dst="0" />
<file name="arrow-alt-circle-left.svg" server="ftp.cohturk.com/public_html/parklastik/" local="131799399980000000" remote="131818164000000000" Dst="0" />
<file name="angry.svg" server="ftp.cohturk.com/public_html/parklastik/" local="131799399980000000" remote="131818164000000000" Dst="0" />
<file name="arrow-alt-circle-up.svg" server="ftp.cohturk.com/public_html/parklastik/" local="131799399980000000" remote="131818164000000000" Dst="0" />
<file name="arrow-alt-circle-right.svg" server="ftp.cohturk.com/public_html/parklastik/" local="131799399980000000" remote="131818164000000000" Dst="0" />
<file name="bell-slash.svg" server="ftp.cohturk.com/public_html/parklastik/" local="131799399980000000" remote="131818164000000000" Dst="0" />
<file name="bell.svg" server="ftp.cohturk.com/public_html/parklastik/" local="131799399980000000" remote="131818164000000000" Dst="0" />
<file name="bookmark.svg" server="ftp.cohturk.com/public_html/parklastik/" local="131799399980000000" remote="131818164000000000" Dst="0" />
<file name="building.svg" server="ftp.cohturk.com/public_html/parklastik/" local="131799399980000000" remote="131818164000000000" Dst="0" />
<file name="calendar-check.svg" server="ftp.cohturk.com/public_html/parklastik/" local="131799399980000000" remote="131818164000000000" Dst="0" />
<file name="calendar-minus.svg" server="ftp.cohturk.com/public_html/parklastik/" local="131799399980000000" remote="131818164000000000" Dst="0" />
<file name="calendar-alt.svg" server="ftp.cohturk.com/public_html/parklastik/" local="131799399980000000" remote="131818164000000000" Dst="0" />
<file name="calendar-times.svg" server="ftp.cohturk.com/public_html/parklastik/" local="131799399980000000" remote="131818164000000000" Dst="0" />
<file name="calendar.svg" server="ftp.cohturk.com/public_html/parklastik/" local="131799399980000000" remote="131818164000000000" Dst="0" />
<file name="calendar-plus.svg" server="ftp.cohturk.com/public_html/parklastik/" local="131799399980000000" remote="131818164000000000" Dst="0" />
<file name="caret-square-left.svg" server="ftp.cohturk.com/public_html/parklastik/" local="131799399980000000" remote="131818164000000000" Dst="0" />
<file name="caret-square-right.svg" server="ftp.cohturk.com/public_html/parklastik/" local="131799399980000000" remote="131818164000000000" Dst="0" />
<file name="caret-square-down.svg" server="ftp.cohturk.com/public_html/parklastik/" local="131799399980000000" remote="131818164000000000" Dst="0" />
<file name="chart-bar.svg" server="ftp.cohturk.com/public_html/parklastik/" local="131799399980000000" remote="131818164000000000" Dst="0" />
<file name="check-circle.svg" server="ftp.cohturk.com/public_html/parklastik/" local="131799399980000000" remote="131818164000000000" Dst="0" />
<file name="caret-square-up.svg" server="ftp.cohturk.com/public_html/parklastik/" local="131799399980000000" remote="131818164000000000" Dst="0" />
<file name="check-square.svg" server="ftp.cohturk.com/public_html/parklastik/" local="131799399980000000" remote="131818164000000000" Dst="0" />
<file name="circle.svg" server="ftp.cohturk.com/public_html/parklastik/" local="131799399980000000" remote="131818164000000000" Dst="0" />
<file name="clipboard.svg" server="ftp.cohturk.com/public_html/parklastik/" local="131799399980000000" remote="131818164000000000" Dst="0" />
<file name="clock.svg" server="ftp.cohturk.com/public_html/parklastik/" local="131799399980000000" remote="131818164000000000" Dst="0" />
<file name="clone.svg" server="ftp.cohturk.com/public_html/parklastik/" local="131799399980000000" remote="131818164000000000" Dst="0" />
<file name="closed-captioning.svg" server="ftp.cohturk.com/public_html/parklastik/" local="131799399980000000" remote="131818164000000000" Dst="0" />
<file name="comment-alt.svg" server="ftp.cohturk.com/public_html/parklastik/" local="131799399980000000" remote="131818164000000000" Dst="0" />
<file name="comment-dots.svg" server="ftp.cohturk.com/public_html/parklastik/" local="131799399980000000" remote="131818164000000000" Dst="0" />
<file name="comment.svg" server="ftp.cohturk.com/public_html/parklastik/" local="131799399980000000" remote="131818164000000000" Dst="0" />
<file name="comments.svg" server="ftp.cohturk.com/public_html/parklastik/" local="131799399980000000" remote="131818164000000000" Dst="0" />
<file name="compass.svg" server="ftp.cohturk.com/public_html/parklastik/" local="131799399980000000" remote="131818164000000000" Dst="0" />
<file name="copy.svg" server="ftp.cohturk.com/public_html/parklastik/" local="131799399980000000" remote="131818164000000000" Dst="0" />
<file name="dizzy.svg" server="ftp.cohturk.com/public_html/parklastik/" local="131799399980000000" remote="131818164000000000" Dst="0" />
<file name="copyright.svg" server="ftp.cohturk.com/public_html/parklastik/" local="131799399980000000" remote="131818164000000000" Dst="0" />
<file name="credit-card.svg" server="ftp.cohturk.com/public_html/parklastik/" local="131799399980000000" remote="131818164000000000" Dst="0" />
<file name="dot-circle.svg" server="ftp.cohturk.com/public_html/parklastik/" local="131799399980000000" remote="131818164000000000" Dst="0" />
<file name="edit.svg" server="ftp.cohturk.com/public_html/parklastik/" local="131799399980000000" remote="131818164000000000" Dst="0" />
<file name="envelope-open.svg" server="ftp.cohturk.com/public_html/parklastik/" local="131799399980000000" remote="131818164000000000" Dst="0" />
<file name="eye-slash.svg" server="ftp.cohturk.com/public_html/parklastik/" local="131799399980000000" remote="131818164000000000" Dst="0" />
<file name="eye.svg" server="ftp.cohturk.com/public_html/parklastik/" local="131799399980000000" remote="131818164000000000" Dst="0" />
<file name="envelope.svg" server="ftp.cohturk.com/public_html/parklastik/" local="131799399980000000" remote="131818164000000000" Dst="0" />
<file name="file-archive.svg" server="ftp.cohturk.com/public_html/parklastik/" local="131799399980000000" remote="131818164000000000" Dst="0" />
<file name="file-alt.svg" server="ftp.cohturk.com/public_html/parklastik/" local="131799399980000000" remote="131818164000000000" Dst="0" />
<file name="file-audio.svg" server="ftp.cohturk.com/public_html/parklastik/" local="131799399980000000" remote="131818164000000000" Dst="0" />
<file name="file-excel.svg" server="ftp.cohturk.com/public_html/parklastik/" local="131799399980000000" remote="131818164000000000" Dst="0" />
<file name="file-image.svg" server="ftp.cohturk.com/public_html/parklastik/" local="131799399980000000" remote="131818164000000000" Dst="0" />
<file name="file-code.svg" server="ftp.cohturk.com/public_html/parklastik/" local="131799399980000000" remote="131818164000000000" Dst="0" />
<file name="file-powerpoint.svg" server="ftp.cohturk.com/public_html/parklastik/" local="131799399980000000" remote="131818164000000000" Dst="0" />
<file name="file-pdf.svg" server="ftp.cohturk.com/public_html/parklastik/" local="131799399980000000" remote="131818164000000000" Dst="0" />
<file name="file-video.svg" server="ftp.cohturk.com/public_html/parklastik/" local="131799399980000000" remote="131818164000000000" Dst="0" />
<file name="file-word.svg" server="ftp.cohturk.com/public_html/parklastik/" local="131799399980000000" remote="131818164000000000" Dst="0" />
<file name="file.svg" server="ftp.cohturk.com/public_html/parklastik/" local="131799399980000000" remote="131818164000000000" Dst="0" />
<file name="flag.svg" server="ftp.cohturk.com/public_html/parklastik/" local="131799399980000000" remote="131818164000000000" Dst="0" />
<file name="folder-open.svg" server="ftp.cohturk.com/public_html/parklastik/" local="131799399980000000" remote="131818164000000000" Dst="0" />
<file name="folder.svg" server="ftp.cohturk.com/public_html/parklastik/" local="131799399980000000" remote="131818164000000000" Dst="0" />
<file name="flushed.svg" server="ftp.cohturk.com/public_html/parklastik/" local="131799399980000000" remote="131818164000000000" Dst="0" />
<file name="font-awesome-logo-full.svg" server="ftp.cohturk.com/public_html/parklastik/" local="131799399980000000" remote="131818164000000000" Dst="0" />
<file name="frown-open.svg" server="ftp.cohturk.com/public_html/parklastik/" local="131799399980000000" remote="131818164000000000" Dst="0" />
<file name="frown.svg" server="ftp.cohturk.com/public_html/parklastik/" local="131799399980000000" remote="131818164000000000" Dst="0" />
<file name="futbol.svg" server="ftp.cohturk.com/public_html/parklastik/" local="131799399980000000" remote="131818164000000000" Dst="0" />
<file name="gem.svg" server="ftp.cohturk.com/public_html/parklastik/" local="131799399980000000" remote="131818164000000000" Dst="0" />
<file name="grimace.svg" server="ftp.cohturk.com/public_html/parklastik/" local="131799399980000000" remote="131818164000000000" Dst="0" />
<file name="grin-beam-sweat.svg" server="ftp.cohturk.com/public_html/parklastik/" local="131799399980000000" remote="131818164000000000" Dst="0" />
<file name="grin-beam.svg" server="ftp.cohturk.com/public_html/parklastik/" local="131799399980000000" remote="131818164000000000" Dst="0" />
<file name="grin-alt.svg" server="ftp.cohturk.com/public_html/parklastik/" local="131799399980000000" remote="131818164000000000" Dst="0" />
<file name="grin-squint-tears.svg" server="ftp.cohturk.com/public_html/parklastik/" local="131799399980000000" remote="131818164000000000" Dst="0" />
<file name="grin-hearts.svg" server="ftp.cohturk.com/public_html/parklastik/" local="131799399980000000" remote="131818164000000000" Dst="0" />
<file name="grin-squint.svg" server="ftp.cohturk.com/public_html/parklastik/" local="131799399980000000" remote="131818164000000000" Dst="0" />
<file name="grin-tears.svg" server="ftp.cohturk.com/public_html/parklastik/" local="131799399980000000" remote="131818164000000000" Dst="0" />
<file name="grin-tongue-squint.svg" server="ftp.cohturk.com/public_html/parklastik/" local="131799399980000000" remote="131818164000000000" Dst="0" />
<file name="grin-stars.svg" server="ftp.cohturk.com/public_html/parklastik/" local="131799399980000000" remote="131818164000000000" Dst="0" />
<file name="grin-tongue-wink.svg" server="ftp.cohturk.com/public_html/parklastik/" local="131799399980000000" remote="131818164000000000" Dst="0" />
<file name="grin-tongue.svg" server="ftp.cohturk.com/public_html/parklastik/" local="131799399980000000" remote="131818164000000000" Dst="0" />
<file name="grin-wink.svg" server="ftp.cohturk.com/public_html/parklastik/" local="131799399980000000" remote="131818164000000000" Dst="0" />
<file name="grin.svg" server="ftp.cohturk.com/public_html/parklastik/" local="131799399980000000" remote="131818164000000000" Dst="0" />
<file name="hand-lizard.svg" server="ftp.cohturk.com/public_html/parklastik/" local="131799399980000000" remote="131818164000000000" Dst="0" />
<file name="hand-paper.svg" server="ftp.cohturk.com/public_html/parklastik/" local="131799399980000000" remote="131818164000000000" Dst="0" />
<file name="hand-peace.svg" server="ftp.cohturk.com/public_html/parklastik/" local="131799399980000000" remote="131818164000000000" Dst="0" />
<file name="hand-point-left.svg" server="ftp.cohturk.com/public_html/parklastik/" local="131799399980000000" remote="131818164000000000" Dst="0" />
<file name="hand-point-down.svg" server="ftp.cohturk.com/public_html/parklastik/" local="131799399980000000" remote="131818164000000000" Dst="0" />
<file name="hand-point-right.svg" server="ftp.cohturk.com/public_html/parklastik/" local="131799399980000000" remote="131818164000000000" Dst="0" />
<file name="hand-point-up.svg" server="ftp.cohturk.com/public_html/parklastik/" local="131799399980000000" remote="131818164000000000" Dst="0" />
<file name="hand-pointer.svg" server="ftp.cohturk.com/public_html/parklastik/" local="131799399980000000" remote="131818164000000000" Dst="0" />
<file name="hand-rock.svg" server="ftp.cohturk.com/public_html/parklastik/" local="131799399980000000" remote="131818164000000000" Dst="0" />
<file name="hand-scissors.svg" server="ftp.cohturk.com/public_html/parklastik/" local="131799399980000000" remote="131818164000000000" Dst="0" />
<file name="hand-spock.svg" server="ftp.cohturk.com/public_html/parklastik/" local="131799399980000000" remote="131818164000000000" Dst="0" />
<file name="handshake.svg" server="ftp.cohturk.com/public_html/parklastik/" local="131799399980000000" remote="131818164000000000" Dst="0" />
<file name="heart.svg" server="ftp.cohturk.com/public_html/parklastik/" local="131799399980000000" remote="131818164000000000" Dst="0" />
<file name="hdd.svg" server="ftp.cohturk.com/public_html/parklastik/" local="131799399980000000" remote="131818164000000000" Dst="0" />
<file name="hospital.svg" server="ftp.cohturk.com/public_html/parklastik/" local="131799399980000000" remote="131818164000000000" Dst="0" />
<file name="hourglass.svg" server="ftp.cohturk.com/public_html/parklastik/" local="131799399980000000" remote="131818164000000000" Dst="0" />
<file name="id-badge.svg" server="ftp.cohturk.com/public_html/parklastik/" local="131799399980000000" remote="131818164000000000" Dst="0" />
<file name="id-card.svg" server="ftp.cohturk.com/public_html/parklastik/" local="131799399980000000" remote="131818164000000000" Dst="0" />
<file name="image.svg" server="ftp.cohturk.com/public_html/parklastik/" local="131799399980000000" remote="131818164000000000" Dst="0" />
<file name="images.svg" server="ftp.cohturk.com/public_html/parklastik/" local="131799399980000000" remote="131818164000000000" Dst="0" />
<file name="keyboard.svg" server="ftp.cohturk.com/public_html/parklastik/" local="131799399980000000" remote="131818164000000000" Dst="0" />
<file name="kiss-beam.svg" server="ftp.cohturk.com/public_html/parklastik/" local="131799399980000000" remote="131818164000000000" Dst="0" />
<file name="kiss-wink-heart.svg" server="ftp.cohturk.com/public_html/parklastik/" local="131799399980000000" remote="131818164000000000" Dst="0" />
<file name="laugh-beam.svg" server="ftp.cohturk.com/public_html/parklastik/" local="131799399980000000" remote="131818164000000000" Dst="0" />
<file name="kiss.svg" server="ftp.cohturk.com/public_html/parklastik/" local="131799399980000000" remote="131818164000000000" Dst="0" />
<file name="laugh-squint.svg" server="ftp.cohturk.com/public_html/parklastik/" local="131799399980000000" remote="131818164000000000" Dst="0" />
<file name="laugh-wink.svg" server="ftp.cohturk.com/public_html/parklastik/" local="131799399980000000" remote="131818164000000000" Dst="0" />
<file name="laugh.svg" server="ftp.cohturk.com/public_html/parklastik/" local="131799399980000000" remote="131818164000000000" Dst="0" />
<file name="lemon.svg" server="ftp.cohturk.com/public_html/parklastik/" local="131799399980000000" remote="131818164000000000" Dst="0" />
<file name="lightbulb.svg" server="ftp.cohturk.com/public_html/parklastik/" local="131799399980000000" remote="131818164000000000" Dst="0" />
<file name="list-alt.svg" server="ftp.cohturk.com/public_html/parklastik/" local="131799399980000000" remote="131818164000000000" Dst="0" />
<file name="life-ring.svg" server="ftp.cohturk.com/public_html/parklastik/" local="131799399980000000" remote="131818164000000000" Dst="0" />
<file name="meh-blank.svg" server="ftp.cohturk.com/public_html/parklastik/" local="131799399980000000" remote="131818164000000000" Dst="0" />
<file name="map.svg" server="ftp.cohturk.com/public_html/parklastik/" local="131799399980000000" remote="131818164000000000" Dst="0" />
<file name="meh-rolling-eyes.svg" server="ftp.cohturk.com/public_html/parklastik/" local="131799399980000000" remote="131818164000000000" Dst="0" />
<file name="meh.svg" server="ftp.cohturk.com/public_html/parklastik/" local="131799399980000000" remote="131818164000000000" Dst="0" />
<file name="minus-square.svg" server="ftp.cohturk.com/public_html/parklastik/" local="131799399980000000" remote="131818164000000000" Dst="0" />
<file name="money-bill-alt.svg" server="ftp.cohturk.com/public_html/parklastik/" local="131799399980000000" remote="131818164000000000" Dst="0" />
<file name="newspaper.svg" server="ftp.cohturk.com/public_html/parklastik/" local="131799399980000000" remote="131818164000000000" Dst="0" />
<file name="moon.svg" server="ftp.cohturk.com/public_html/parklastik/" local="131799399980000000" remote="131818164000000000" Dst="0" />
<file name="object-group.svg" server="ftp.cohturk.com/public_html/parklastik/" local="131799399980000000" remote="131818164000000000" Dst="0" />
<file name="pause-circle.svg" server="ftp.cohturk.com/public_html/parklastik/" local="131799399980000000" remote="131818164000000000" Dst="0" />
<file name="object-ungroup.svg" server="ftp.cohturk.com/public_html/parklastik/" local="131799399980000000" remote="131818164000000000" Dst="0" />
<file name="paper-plane.svg" server="ftp.cohturk.com/public_html/parklastik/" local="131799399980000000" remote="131818164000000000" Dst="0" />
<file name="plus-square.svg" server="ftp.cohturk.com/public_html/parklastik/" local="131799399980000000" remote="131818164000000000" Dst="0" />
<file name="play-circle.svg" server="ftp.cohturk.com/public_html/parklastik/" local="131799399980000000" remote="131818164000000000" Dst="0" />
<file name="question-circle.svg" server="ftp.cohturk.com/public_html/parklastik/" local="131799399980000000" remote="131818164000000000" Dst="0" />
<file name="sad-cry.svg" server="ftp.cohturk.com/public_html/parklastik/" local="131799399980000000" remote="131818164000000000" Dst="0" />
<file name="sad-tear.svg" server="ftp.cohturk.com/public_html/parklastik/" local="131799399980000000" remote="131818164000000000" Dst="0" />
<file name="registered.svg" server="ftp.cohturk.com/public_html/parklastik/" local="131799399980000000" remote="131818164000000000" Dst="0" />
<file name="share-square.svg" server="ftp.cohturk.com/public_html/parklastik/" local="131799399980000000" remote="131818164000000000" Dst="0" />
<file name="smile-beam.svg" server="ftp.cohturk.com/public_html/parklastik/" local="131799399980000000" remote="131818164000000000" Dst="0" />
<file name="save.svg" server="ftp.cohturk.com/public_html/parklastik/" local="131799399980000000" remote="131818164000000000" Dst="0" />
<file name="smile.svg" server="ftp.cohturk.com/public_html/parklastik/" local="131799399980000000" remote="131818164000000000" Dst="0" />
<file name="smile-wink.svg" server="ftp.cohturk.com/public_html/parklastik/" local="131799399980000000" remote="131818164000000000" Dst="0" />
<file name="snowflake.svg" server="ftp.cohturk.com/public_html/parklastik/" local="131799399980000000" remote="131818164000000000" Dst="0" />
<file name="square.svg" server="ftp.cohturk.com/public_html/parklastik/" local="131799399980000000" remote="131818164000000000" Dst="0" />
<file name="star-half.svg" server="ftp.cohturk.com/public_html/parklastik/" local="131799399980000000" remote="131818164000000000" Dst="0" />
<file name="star.svg" server="ftp.cohturk.com/public_html/parklastik/" local="131799399980000000" remote="131818164000000000" Dst="0" />
<file name="sticky-note.svg" server="ftp.cohturk.com/public_html/parklastik/" local="131799399980000000" remote="131818164000000000" Dst="0" />
<file name="stop-circle.svg" server="ftp.cohturk.com/public_html/parklastik/" local="131799399980000000" remote="131818164000000000" Dst="0" />
<file name="sun.svg" server="ftp.cohturk.com/public_html/parklastik/" local="131799399980000000" remote="131818164000000000" Dst="0" />
<file name="thumbs-down.svg" server="ftp.cohturk.com/public_html/parklastik/" local="131799399980000000" remote="131818164000000000" Dst="0" />
<file name="surprise.svg" server="ftp.cohturk.com/public_html/parklastik/" local="131799399980000000" remote="131818164000000000" Dst="0" />
<file name="thumbs-up.svg" server="ftp.cohturk.com/public_html/parklastik/" local="131799399980000000" remote="131818164000000000" Dst="0" />
<file name="tired.svg" server="ftp.cohturk.com/public_html/parklastik/" local="131799399980000000" remote="131818164000000000" Dst="0" />
<file name="trash-alt.svg" server="ftp.cohturk.com/public_html/parklastik/" local="131799399980000000" remote="131818164000000000" Dst="0" />
<file name="times-circle.svg" server="ftp.cohturk.com/public_html/parklastik/" local="131799399980000000" remote="131818164000000000" Dst="0" />
<file name="window-close.svg" server="ftp.cohturk.com/public_html/parklastik/" local="131799399980000000" remote="131818164000000000" Dst="0" />
<file name="user-circle.svg" server="ftp.cohturk.com/public_html/parklastik/" local="131799399980000000" remote="131818164000000000" Dst="0" />
<file name="user.svg" server="ftp.cohturk.com/public_html/parklastik/" local="131799399980000000" remote="131818164000000000" Dst="0" />
<file name="window-minimize.svg" server="ftp.cohturk.com/public_html/parklastik/" local="131799399980000000" remote="131818164000000000" Dst="0" />
<file name="window-maximize.svg" server="ftp.cohturk.com/public_html/parklastik/" local="131799399980000000" remote="131818164000000000" Dst="0" />
<file name="window-restore.svg" server="ftp.cohturk.com/public_html/parklastik/" local="131799399980000000" remote="131818164000000000" Dst="0" />
<file name="address-book.svg" server="ftp.woocommercedersleri.com/public_html/klaus/" local="131957254422290920" remote="131957265600000000" Dst="0" />
<file name="address-card.svg" server="ftp.woocommercedersleri.com/public_html/klaus/" local="131957254422470862" remote="131957265600000000" Dst="0" />
<file name="angry.svg" server="ftp.woocommercedersleri.com/public_html/klaus/" local="131957254422640809" remote="131957265600000000" Dst="0" />
<file name="arrow-alt-circle-down.svg" server="ftp.woocommercedersleri.com/public_html/klaus/" local="131957254422810751" remote="131957265600000000" Dst="0" />
<file name="arrow-alt-circle-left.svg" server="ftp.woocommercedersleri.com/public_html/klaus/" local="131957254422980693" remote="131957265600000000" Dst="0" />
<file name="arrow-alt-circle-right.svg" server="ftp.woocommercedersleri.com/public_html/klaus/" local="131957254423150638" remote="131957265600000000" Dst="0" />
<file name="arrow-alt-circle-up.svg" server="ftp.woocommercedersleri.com/public_html/klaus/" local="131957254423320583" remote="131957265600000000" Dst="0" />
<file name="bell-slash.svg" server="ftp.woocommercedersleri.com/public_html/klaus/" local="131957254423490529" remote="131957265600000000" Dst="0" />
<file name="bell.svg" server="ftp.woocommercedersleri.com/public_html/klaus/" local="131957254423660478" remote="131957265600000000" Dst="0" />
<file name="bookmark.svg" server="ftp.woocommercedersleri.com/public_html/klaus/" local="131957254423860411" remote="131957265600000000" Dst="0" />
<file name="building.svg" server="ftp.woocommercedersleri.com/public_html/klaus/" local="131957254424020365" remote="131957265600000000" Dst="0" />
<file name="calendar-check.svg" server="ftp.woocommercedersleri.com/public_html/klaus/" local="131957254424370533" remote="131957265600000000" Dst="0" />
<file name="calendar-minus.svg" server="ftp.woocommercedersleri.com/public_html/klaus/" local="131957254424540193" remote="131957265600000000" Dst="0" />
<file name="calendar-alt.svg" server="ftp.woocommercedersleri.com/public_html/klaus/" local="131957254424190302" remote="131957265600000000" Dst="0" />
<file name="calendar-plus.svg" server="ftp.woocommercedersleri.com/public_html/klaus/" local="131957254424700139" remote="131957265600000000" Dst="0" />
<file name="calendar-times.svg" server="ftp.woocommercedersleri.com/public_html/klaus/" local="131957254424890081" remote="131957265600000000" Dst="0" />
<file name="calendar.svg" server="ftp.woocommercedersleri.com/public_html/klaus/" local="131957254425060021" remote="131957265600000000" Dst="0" />
<file name="caret-square-down.svg" server="ftp.woocommercedersleri.com/public_html/klaus/" local="131957254425229969" remote="131957265600000000" Dst="0" />
<file name="caret-square-left.svg" server="ftp.woocommercedersleri.com/public_html/klaus/" local="131957254425409912" remote="131957265600000000" Dst="0" />
<file name="caret-square-right.svg" server="ftp.woocommercedersleri.com/public_html/klaus/" local="131957254425579853" remote="131957265600000000" Dst="0" />
<file name="caret-square-up.svg" server="ftp.woocommercedersleri.com/public_html/klaus/" local="131957254425769793" remote="131957265600000000" Dst="0" />
<file name="chart-bar.svg" server="ftp.woocommercedersleri.com/public_html/klaus/" local="131957254425949735" remote="131957265600000000" Dst="0" />
<file name="check-circle.svg" server="ftp.woocommercedersleri.com/public_html/klaus/" local="131957254426119686" remote="131957265600000000" Dst="0" />
<file name="check-square.svg" server="ftp.woocommercedersleri.com/public_html/klaus/" local="131957254426299620" remote="131957265600000000" Dst="0" />
<file name="circle.svg" server="ftp.woocommercedersleri.com/public_html/klaus/" local="131957254426469566" remote="131957265600000000" Dst="0" />
<file name="clipboard.svg" server="ftp.woocommercedersleri.com/public_html/klaus/" local="131957254426649509" remote="131957265600000000" Dst="0" />
<file name="clock.svg" server="ftp.woocommercedersleri.com/public_html/klaus/" local="131957254426809452" remote="131957265600000000" Dst="0" />
<file name="clone.svg" server="ftp.woocommercedersleri.com/public_html/klaus/" local="131957254426979394" remote="131957265600000000" Dst="0" />
<file name="closed-captioning.svg" server="ftp.woocommercedersleri.com/public_html/klaus/" local="131957254427159340" remote="131957265600000000" Dst="0" />
<file name="comment-alt.svg" server="ftp.woocommercedersleri.com/public_html/klaus/" local="131957254427329286" remote="131957265600000000" Dst="0" />
<file name="comment-dots.svg" server="ftp.woocommercedersleri.com/public_html/klaus/" local="131957254427509232" remote="131957265600000000" Dst="0" />
<file name="comment.svg" server="ftp.woocommercedersleri.com/public_html/klaus/" local="131957254427689168" remote="131957265600000000" Dst="0" />
<file name="comments.svg" server="ftp.woocommercedersleri.com/public_html/klaus/" local="131957254427869109" remote="131957265600000000" Dst="0" />
<file name="compass.svg" server="ftp.woocommercedersleri.com/public_html/klaus/" local="131957254428049055" remote="131957265600000000" Dst="0" />
<file name="copy.svg" server="ftp.woocommercedersleri.com/public_html/klaus/" local="131957254428218996" remote="131957265600000000" Dst="0" />
<file name="copyright.svg" server="ftp.woocommercedersleri.com/public_html/klaus/" local="131957254428398935" remote="131957265600000000" Dst="0" />
<file name="credit-card.svg" server="ftp.woocommercedersleri.com/public_html/klaus/" local="131957254428578878" remote="131957265600000000" Dst="0" />
<file name="dizzy.svg" server="ftp.woocommercedersleri.com/public_html/klaus/" local="131957254428748823" remote="131957265600000000" Dst="0" />
<file name="dot-circle.svg" server="ftp.woocommercedersleri.com/public_html/klaus/" local="131957254428928763" remote="131957265600000000" Dst="0" />
<file name="edit.svg" server="ftp.woocommercedersleri.com/public_html/klaus/" local="131957254429108706" remote="131957265600000000" Dst="0" />
<file name="envelope-open.svg" server="ftp.woocommercedersleri.com/public_html/klaus/" local="131957254429288649" remote="131957265600000000" Dst="0" />
<file name="envelope.svg" server="ftp.woocommercedersleri.com/public_html/klaus/" local="131957254429478584" remote="131957265600000000" Dst="0" />
<file name="eye-slash.svg" server="ftp.woocommercedersleri.com/public_html/klaus/" local="131957254429668526" remote="131957265600000000" Dst="0" />
<file name="eye.svg" server="ftp.woocommercedersleri.com/public_html/klaus/" local="131957254429848466" remote="131957265600000000" Dst="0" />
<file name="file-alt.svg" server="ftp.woocommercedersleri.com/public_html/klaus/" local="131957254430038404" remote="131957265600000000" Dst="0" />
<file name="file-archive.svg" server="ftp.woocommercedersleri.com/public_html/klaus/" local="131957254430208350" remote="131957265600000000" Dst="0" />
<file name="file-audio.svg" server="ftp.woocommercedersleri.com/public_html/klaus/" local="131957254430388292" remote="131957265600000000" Dst="0" />
<file name="file-code.svg" server="ftp.woocommercedersleri.com/public_html/klaus/" local="131957254430578227" remote="131957265600000000" Dst="0" />
<file name="file-excel.svg" server="ftp.woocommercedersleri.com/public_html/klaus/" local="131957254430768168" remote="131957265600000000" Dst="0" />
<file name="file-image.svg" server="ftp.woocommercedersleri.com/public_html/klaus/" local="131957254430938111" remote="131957265600000000" Dst="0" />
<file name="file-pdf.svg" server="ftp.woocommercedersleri.com/public_html/klaus/" local="131957254431367969" remote="131957265600000000" Dst="0" />
<file name="file-powerpoint.svg" server="ftp.woocommercedersleri.com/public_html/klaus/" local="131957254431567910" remote="131957265600000000" Dst="0" />
<file name="file-video.svg" server="ftp.woocommercedersleri.com/public_html/klaus/" local="131957254431767841" remote="131957265600000000" Dst="0" />
<file name="file-word.svg" server="ftp.woocommercedersleri.com/public_html/klaus/" local="131957254431948035" remote="131957265600000000" Dst="0" />
<file name="file.svg" server="ftp.woocommercedersleri.com/public_html/klaus/" local="131957254432127725" remote="131957265600000000" Dst="0" />
<file name="flag.svg" server="ftp.woocommercedersleri.com/public_html/klaus/" local="131957254432307669" remote="131957265600000000" Dst="0" />
<file name="flushed.svg" server="ftp.woocommercedersleri.com/public_html/klaus/" local="131957254432467611" remote="131957265600000000" Dst="0" />
<file name="folder-open.svg" server="ftp.woocommercedersleri.com/public_html/klaus/" local="131957254432657552" remote="131957265600000000" Dst="0" />
<file name="folder.svg" server="ftp.woocommercedersleri.com/public_html/klaus/" local="131957254432837495" remote="131957265600000000" Dst="0" />
<file name="font-awesome-logo-full.svg" server="ftp.woocommercedersleri.com/public_html/klaus/" local="131957254433007448" remote="131957265600000000" Dst="0" />
<file name="frown-open.svg" server="ftp.woocommercedersleri.com/public_html/klaus/" local="131957254433187388" remote="131957265600000000" Dst="0" />
<file name="frown.svg" server="ftp.woocommercedersleri.com/public_html/klaus/" local="131957254433357330" remote="131957265600000000" Dst="0" />
<file name="futbol.svg" server="ftp.woocommercedersleri.com/public_html/klaus/" local="131957254433537276" remote="131957265600000000" Dst="0" />
<file name="gem.svg" server="ftp.woocommercedersleri.com/public_html/klaus/" local="131957254433707213" remote="131957265600000000" Dst="0" />
<file name="grimace.svg" server="ftp.woocommercedersleri.com/public_html/klaus/" local="131957254433897152" remote="131957265600000000" Dst="0" />
<file name="grin-alt.svg" server="ftp.woocommercedersleri.com/public_html/klaus/" local="131957254434067106" remote="131957265600000000" Dst="0" />
<file name="grin-beam.svg" server="ftp.woocommercedersleri.com/public_html/klaus/" local="131957254434417725" remote="131957265600000000" Dst="0" />
<file name="grin-beam-sweat.svg" server="ftp.woocommercedersleri.com/public_html/klaus/" local="131957254434247039" remote="131957265600000000" Dst="0" />
<file name="grin-hearts.svg" server="ftp.woocommercedersleri.com/public_html/klaus/" local="131957254434586926" remote="131957265600000000" Dst="0" />
<file name="grin-squint-tears.svg" server="ftp.woocommercedersleri.com/public_html/klaus/" local="131957254434766868" remote="131957265600000000" Dst="0" />
<file name="grin-squint.svg" server="ftp.woocommercedersleri.com/public_html/klaus/" local="131957254434947114" remote="131957265600000000" Dst="0" />
<file name="grin-stars.svg" server="ftp.woocommercedersleri.com/public_html/klaus/" local="131957254435136756" remote="131957265600000000" Dst="0" />
<file name="grin-tears.svg" server="ftp.woocommercedersleri.com/public_html/klaus/" local="131957254435306692" remote="131957265600000000" Dst="0" />
<file name="grin-tongue-squint.svg" server="ftp.woocommercedersleri.com/public_html/klaus/" local="131957254435476639" remote="131957265600000000" Dst="0" />
<file name="grin-tongue-wink.svg" server="ftp.woocommercedersleri.com/public_html/klaus/" local="131957254435646583" remote="131957265600000000" Dst="0" />
<file name="grin-tongue.svg" server="ftp.woocommercedersleri.com/public_html/klaus/" local="131957254435816528" remote="131957265600000000" Dst="0" />
<file name="grin-wink.svg" server="ftp.woocommercedersleri.com/public_html/klaus/" local="131957254435996471" remote="131957265600000000" Dst="0" />
<file name="grin.svg" server="ftp.woocommercedersleri.com/public_html/klaus/" local="131957254436166414" remote="131957265600000000" Dst="0" />
<file name="hand-lizard.svg" server="ftp.woocommercedersleri.com/public_html/klaus/" local="131957254436346365" remote="131957265600000000" Dst="0" />
<file name="hand-paper.svg" server="ftp.woocommercedersleri.com/public_html/klaus/" local="131957254436516305" remote="131957265600000000" Dst="0" />
<file name="hand-peace.svg" server="ftp.woocommercedersleri.com/public_html/klaus/" local="131957254436686246" remote="131957265600000000" Dst="0" />
<file name="hand-point-down.svg" server="ftp.woocommercedersleri.com/public_html/klaus/" local="131957254436866189" remote="131957265600000000" Dst="0" />
<file name="hand-point-left.svg" server="ftp.woocommercedersleri.com/public_html/klaus/" local="131957254437046128" remote="131957265600000000" Dst="0" />
<file name="hand-point-right.svg" server="ftp.woocommercedersleri.com/public_html/klaus/" local="131957254437216073" remote="131957265600000000" Dst="0" />
<file name="hand-point-up.svg" server="ftp.woocommercedersleri.com/public_html/klaus/" local="131957254437406010" remote="131957265600000000" Dst="0" />
<file name="hand-pointer.svg" server="ftp.woocommercedersleri.com/public_html/klaus/" local="131957254437595952" remote="131957265600000000" Dst="0" />
<file name="hand-rock.svg" server="ftp.woocommercedersleri.com/public_html/klaus/" local="131957254437805880" remote="131957265600000000" Dst="0" />
<file name="hand-spock.svg" server="ftp.woocommercedersleri.com/public_html/klaus/" local="131957254438145772" remote="131957265600000000" Dst="0" />
<file name="hand-scissors.svg" server="ftp.woocommercedersleri.com/public_html/klaus/" local="131957254437975824" remote="131957265600000000" Dst="0" />
<file name="handshake.svg" server="ftp.woocommercedersleri.com/public_html/klaus/" local="131957254438315721" remote="131957265600000000" Dst="0" />
<file name="hdd.svg" server="ftp.woocommercedersleri.com/public_html/klaus/" local="131957254438495657" remote="131957265600000000" Dst="0" />
<file name="heart.svg" server="ftp.woocommercedersleri.com/public_html/klaus/" local="131957254438665997" remote="131957265600000000" Dst="0" />
<file name="hospital.svg" server="ftp.woocommercedersleri.com/public_html/klaus/" local="131957254438835553" remote="131957265600000000" Dst="0" />
<file name="hourglass.svg" server="ftp.woocommercedersleri.com/public_html/klaus/" local="131957254439005499" remote="131957265600000000" Dst="0" />
<file name="id-badge.svg" server="ftp.woocommercedersleri.com/public_html/klaus/" local="131957254439185439" remote="131957265600000000" Dst="0" />
<file name="id-card.svg" server="ftp.woocommercedersleri.com/public_html/klaus/" local="131957254439365377" remote="131957265600000000" Dst="0" />
<file name="image.svg" server="ftp.woocommercedersleri.com/public_html/klaus/" local="131957254439546086" remote="131957265600000000" Dst="0" />
<file name="images.svg" server="ftp.woocommercedersleri.com/public_html/klaus/" local="131957254439735262" remote="131957265600000000" Dst="0" />
<file name="keyboard.svg" server="ftp.woocommercedersleri.com/public_html/klaus/" local="131957254439905208" remote="131957265600000000" Dst="0" />
<file name="kiss-beam.svg" server="ftp.woocommercedersleri.com/public_html/klaus/" local="131957254440095141" remote="131957265600000000" Dst="0" />
<file name="kiss-wink-heart.svg" server="ftp.woocommercedersleri.com/public_html/klaus/" local="131957254440275080" remote="131957265600000000" Dst="0" />
<file name="kiss.svg" server="ftp.woocommercedersleri.com/public_html/klaus/" local="131957254440445026" remote="131957265600000000" Dst="0" />
<file name="laugh-beam.svg" server="ftp.woocommercedersleri.com/public_html/klaus/" local="131957254440624969" remote="131957265600000000" Dst="0" />
<file name="laugh-squint.svg" server="ftp.woocommercedersleri.com/public_html/klaus/" local="131957254440804912" remote="131957265600000000" Dst="0" />
<file name="laugh-wink.svg" server="ftp.woocommercedersleri.com/public_html/klaus/" local="131957254440984853" remote="131957265600000000" Dst="0" />
<file name="laugh.svg" server="ftp.woocommercedersleri.com/public_html/klaus/" local="131957254441154800" remote="131957265600000000" Dst="0" />
<file name="lemon.svg" server="ftp.woocommercedersleri.com/public_html/klaus/" local="131957254441334744" remote="131957265600000000" Dst="0" />
<file name="life-ring.svg" server="ftp.woocommercedersleri.com/public_html/klaus/" local="131957254441514691" remote="131957265600000000" Dst="0" />
<file name="lightbulb.svg" server="ftp.woocommercedersleri.com/public_html/klaus/" local="131957254441724612" remote="131957265600000000" Dst="0" />
<file name="list-alt.svg" server="ftp.woocommercedersleri.com/public_html/klaus/" local="131957254441894552" remote="131957265600000000" Dst="0" />
<file name="map.svg" server="ftp.woocommercedersleri.com/public_html/klaus/" local="131957254442085203" remote="131957265600000000" Dst="0" />
<file name="meh.svg" server="ftp.woocommercedersleri.com/public_html/klaus/" local="131957254442614320" remote="131957265600000000" Dst="0" />
<file name="meh-blank.svg" server="ftp.woocommercedersleri.com/public_html/klaus/" local="131957254442264437" remote="131957265600000000" Dst="0" />
<file name="meh-rolling-eyes.svg" server="ftp.woocommercedersleri.com/public_html/klaus/" local="131957254442434378" remote="131957265600000000" Dst="0" />
<file name="minus-square.svg" server="ftp.woocommercedersleri.com/public_html/klaus/" local="131957254442794503" remote="131957265600000000" Dst="0" />
<file name="money-bill-alt.svg" server="ftp.woocommercedersleri.com/public_html/klaus/" local="131957254442964205" remote="131957265600000000" Dst="0" />
<file name="moon.svg" server="ftp.woocommercedersleri.com/public_html/klaus/" local="131957254443144148" remote="131957265600000000" Dst="0" />
<file name="newspaper.svg" server="ftp.woocommercedersleri.com/public_html/klaus/" local="131957254443314096" remote="131957265600000000" Dst="0" />
<file name="object-group.svg" server="ftp.woocommercedersleri.com/public_html/klaus/" local="131957254443494036" remote="131957265600000000" Dst="0" />
<file name="object-ungroup.svg" server="ftp.woocommercedersleri.com/public_html/klaus/" local="131957254443663984" remote="131957265600000000" Dst="0" />
<file name="paper-plane.svg" server="ftp.woocommercedersleri.com/public_html/klaus/" local="131957254443843923" remote="131957265600000000" Dst="0" />
<file name="pause-circle.svg" server="ftp.woocommercedersleri.com/public_html/klaus/" local="131957254444043854" remote="131957265600000000" Dst="0" />
<file name="play-circle.svg" server="ftp.woocommercedersleri.com/public_html/klaus/" local="131957254444213802" remote="131957265600000000" Dst="0" />
<file name="question-circle.svg" server="ftp.woocommercedersleri.com/public_html/klaus/" local="131957254444553690" remote="131957265600000000" Dst="0" />
<file name="plus-square.svg" server="ftp.woocommercedersleri.com/public_html/klaus/" local="131957254444373749" remote="131957265600000000" Dst="0" />
<file name="registered.svg" server="ftp.woocommercedersleri.com/public_html/klaus/" local="131957254444713636" remote="131957265600000000" Dst="0" />
<file name="sad-cry.svg" server="ftp.woocommercedersleri.com/public_html/klaus/" local="131957254444893579" remote="131957265600000000" Dst="0" />
<file name="sad-tear.svg" server="ftp.woocommercedersleri.com/public_html/klaus/" local="131957254445093515" remote="131957265600000000" Dst="0" />
<file name="save.svg" server="ftp.woocommercedersleri.com/public_html/klaus/" local="131957254445273457" remote="131957265600000000" Dst="0" />
<file name="share-square.svg" server="ftp.woocommercedersleri.com/public_html/klaus/" local="131957254445453394" remote="131957265600000000" Dst="0" />
<file name="smile-beam.svg" server="ftp.woocommercedersleri.com/public_html/klaus/" local="131957254445623340" remote="131957265600000000" Dst="0" />
<file name="smile-wink.svg" server="ftp.woocommercedersleri.com/public_html/klaus/" local="131957254445803286" remote="131957265600000000" Dst="0" />
<file name="smile.svg" server="ftp.woocommercedersleri.com/public_html/klaus/" local="131957254445983225" remote="131957265600000000" Dst="0" />
<file name="snowflake.svg" server="ftp.woocommercedersleri.com/public_html/klaus/" local="131957254446153169" remote="131957265600000000" Dst="0" />
<file name="square.svg" server="ftp.woocommercedersleri.com/public_html/klaus/" local="131957254446363103" remote="131957265600000000" Dst="0" />
<file name="star.svg" server="ftp.woocommercedersleri.com/public_html/klaus/" local="131957254446712985" remote="131957265600000000" Dst="0" />
<file name="star-half.svg" server="ftp.woocommercedersleri.com/public_html/klaus/" local="131957254446533051" remote="131957265600000000" Dst="0" />
<file name="sticky-note.svg" server="ftp.woocommercedersleri.com/public_html/klaus/" local="131957254446892936" remote="131957265600000000" Dst="0" />
<file name="stop-circle.svg" server="ftp.woocommercedersleri.com/public_html/klaus/" local="131957254447062875" remote="131957265600000000" Dst="0" />
<file name="sun.svg" server="ftp.woocommercedersleri.com/public_html/klaus/" local="131957254447252814" remote="131957265600000000" Dst="0" />
<file name="surprise.svg" server="ftp.woocommercedersleri.com/public_html/klaus/" local="131957254447432756" remote="131957265600000000" Dst="0" />
<file name="thumbs-down.svg" server="ftp.woocommercedersleri.com/public_html/klaus/" local="131957254447612697" remote="131957265600000000" Dst="0" />
<file name="thumbs-up.svg" server="ftp.woocommercedersleri.com/public_html/klaus/" local="131957254447792639" remote="131957265600000000" Dst="0" />
<file name="times-circle.svg" server="ftp.woocommercedersleri.com/public_html/klaus/" local="131957254447972577" remote="131957265600000000" Dst="0" />
<file name="tired.svg" server="ftp.woocommercedersleri.com/public_html/klaus/" local="131957254448152522" remote="131957265600000000" Dst="0" />
<file name="trash-alt.svg" server="ftp.woocommercedersleri.com/public_html/klaus/" local="131957254448332466" remote="131957265600000000" Dst="0" />
<file name="user-circle.svg" server="ftp.woocommercedersleri.com/public_html/klaus/" local="131957254448502404" remote="131957265600000000" Dst="0" />
<file name="user.svg" server="ftp.woocommercedersleri.com/public_html/klaus/" local="131957254448692348" remote="131957265600000000" Dst="0" />
<file name="window-close.svg" server="ftp.woocommercedersleri.com/public_html/klaus/" local="131957254448862294" remote="131957265600000000" Dst="0" />
<file name="window-maximize.svg" server="ftp.woocommercedersleri.com/public_html/klaus/" local="131957254449042233" remote="131957265600000000" Dst="0" />
<file name="window-minimize.svg" server="ftp.woocommercedersleri.com/public_html/klaus/" local="131957254449232378" remote="131957265600000000" Dst="0" />
<file name="window-restore.svg" server="ftp.woocommercedersleri.com/public_html/klaus/" local="131957254449412112" remote="131957265600000000" Dst="0" />
</dwsync>