<?xml version="1.0" encoding="utf-8" ?>
<dwsync>
<file name="class-acf-location-attachment.php" server="ftp.logoonerileri.com/public_html/armada/" local="131955726345193143" remote="131955648000000000" Dst="0" />
<file name="class-acf-location-comment.php" server="ftp.logoonerileri.com/public_html/armada/" local="131955726345293117" remote="131955648000000000" Dst="0" />
<file name="class-acf-location-current-user-role.php" server="ftp.logoonerileri.com/public_html/armada/" local="131955726345712972" remote="131955648000000000" Dst="0" />
<file name="class-acf-location-current-user.php" server="ftp.logoonerileri.com/public_html/armada/" local="131955726345882922" remote="131955648000000000" Dst="0" />
<file name="class-acf-location-nav-menu-item.php" server="ftp.logoonerileri.com/public_html/armada/" local="131955726346132840" remote="131955648000000000" Dst="0" />
<file name="class-acf-location-nav-menu.php" server="ftp.logoonerileri.com/public_html/armada/" local="131955726346462731" remote="131955648000000000" Dst="0" />
<file name="class-acf-location-page-parent.php" server="ftp.logoonerileri.com/public_html/armada/" local="131955726346562699" remote="131955648000000000" Dst="0" />
<file name="class-acf-location-page-template.php" server="ftp.logoonerileri.com/public_html/armada/" local="131955726346822612" remote="131955648000000000" Dst="0" />
<file name="class-acf-location-page-type.php" server="ftp.logoonerileri.com/public_html/armada/" local="131955726347062535" remote="131955648000000000" Dst="0" />
<file name="class-acf-location-page.php" server="ftp.logoonerileri.com/public_html/armada/" local="131955726347310000" remote="131955648000000000" Dst="0" />
<file name="class-acf-location-post-category.php" server="ftp.logoonerileri.com/public_html/armada/" local="131955726347559934" remote="131955648000000000" Dst="0" />
<file name="class-acf-location-post-format.php" server="ftp.logoonerileri.com/public_html/armada/" local="131955726347799856" remote="131955648000000000" Dst="0" />
<file name="class-acf-location-post-status.php" server="ftp.logoonerileri.com/public_html/armada/" local="131955726348039779" remote="131955648000000000" Dst="0" />
<file name="class-acf-location-post-taxonomy.php" server="ftp.logoonerileri.com/public_html/armada/" local="131955726348329688" remote="131955648000000000" Dst="0" />
<file name="class-acf-location-post-template.php" server="ftp.logoonerileri.com/public_html/armada/" local="131955726348469641" remote="131955648000000000" Dst="0" />
<file name="class-acf-location-post-type.php" server="ftp.logoonerileri.com/public_html/armada/" local="131955726348789537" remote="131955648000000000" Dst="0" />
<file name="class-acf-location-post.php" server="ftp.logoonerileri.com/public_html/armada/" local="131955726349079442" remote="131955648000000000" Dst="0" />
<file name="class-acf-location-taxonomy.php" server="ftp.logoonerileri.com/public_html/armada/" local="131955726349604343" remote="131955648000000000" Dst="0" />
<file name="class-acf-location-user-form.php" server="ftp.logoonerileri.com/public_html/armada/" local="131955726349862115" remote="131955648000000000" Dst="0" />
<file name="class-acf-location-user-role.php" server="ftp.logoonerileri.com/public_html/armada/" local="131955726350321972" remote="131955648000000000" Dst="0" />
<file name="class-acf-location-widget.php" server="ftp.logoonerileri.com/public_html/armada/" local="131955726350551895" remote="131955648000000000" Dst="0" />
<file name="class-acf-location.php" server="ftp.logoonerileri.com/public_html/armada/" local="131955726350821805" remote="131955648000000000" Dst="0" />
<file name="class-acf-location-attachment.php" server="ftp.armadagrandee.com/public_html/" local="131955726345193143" remote="131955894600000000" Dst="0" />
<file name="class-acf-location-current-user-role.php" server="ftp.armadagrandee.com/public_html/" local="131955726345712972" remote="131955894600000000" Dst="0" />
<file name="class-acf-location-comment.php" server="ftp.armadagrandee.com/public_html/" local="131955726345293117" remote="131955894600000000" Dst="0" />
<file name="class-acf-location-current-user.php" server="ftp.armadagrandee.com/public_html/" local="131955726345882922" remote="131955894600000000" Dst="0" />
<file name="class-acf-location-nav-menu-item.php" server="ftp.armadagrandee.com/public_html/" local="131955726346132840" remote="131955894600000000" Dst="0" />
<file name="class-acf-location-nav-menu.php" server="ftp.armadagrandee.com/public_html/" local="131955726346462731" remote="131955894600000000" Dst="0" />
<file name="class-acf-location-page-parent.php" server="ftp.armadagrandee.com/public_html/" local="131955726346562699" remote="131955894600000000" Dst="0" />
<file name="class-acf-location-page-type.php" server="ftp.armadagrandee.com/public_html/" local="131955726347062535" remote="131955894600000000" Dst="0" />
<file name="class-acf-location-page.php" server="ftp.armadagrandee.com/public_html/" local="131955726347310000" remote="131955894600000000" Dst="0" />
<file name="class-acf-location-page-template.php" server="ftp.armadagrandee.com/public_html/" local="131955726346822612" remote="131955894600000000" Dst="0" />
<file name="class-acf-location-post-category.php" server="ftp.armadagrandee.com/public_html/" local="131955726347559934" remote="131955894600000000" Dst="0" />
<file name="class-acf-location-post-format.php" server="ftp.armadagrandee.com/public_html/" local="131955726347799856" remote="131955894600000000" Dst="0" />
<file name="class-acf-location-post-status.php" server="ftp.armadagrandee.com/public_html/" local="131955726348039779" remote="131955894600000000" Dst="0" />
<file name="class-acf-location-post-taxonomy.php" server="ftp.armadagrandee.com/public_html/" local="131955726348329688" remote="131955894600000000" Dst="0" />
<file name="class-acf-location-post-template.php" server="ftp.armadagrandee.com/public_html/" local="131955726348469641" remote="131955894600000000" Dst="0" />
<file name="class-acf-location-post-type.php" server="ftp.armadagrandee.com/public_html/" local="131955726348789537" remote="131955894600000000" Dst="0" />
<file name="class-acf-location-post.php" server="ftp.armadagrandee.com/public_html/" local="131955726349079442" remote="131955894600000000" Dst="0" />
<file name="class-acf-location-taxonomy.php" server="ftp.armadagrandee.com/public_html/" local="131955726349604343" remote="131955894600000000" Dst="0" />
<file name="class-acf-location-user-form.php" server="ftp.armadagrandee.com/public_html/" local="131955726349862115" remote="131955894600000000" Dst="0" />
<file name="class-acf-location-user-role.php" server="ftp.armadagrandee.com/public_html/" local="131955726350321972" remote="131955894600000000" Dst="0" />
<file name="class-acf-location-widget.php" server="ftp.armadagrandee.com/public_html/" local="131955726350551895" remote="131955894600000000" Dst="0" />
<file name="class-acf-location.php" server="ftp.armadagrandee.com/public_html/" local="131955726350821805" remote="131955894600000000" Dst="0" />
<file name="class-acf-location-attachment.php" server="ftp.woocommercedersleri.com/public_html/klaus/" local="131957252800307981" remote="131957265000000000" Dst="0" />
<file name="class-acf-location-current-user-role.php" server="ftp.woocommercedersleri.com/public_html/klaus/" local="131957252800858360" remote="131957265000000000" Dst="0" />
<file name="class-acf-location-comment.php" server="ftp.woocommercedersleri.com/public_html/klaus/" local="131957252800587895" remote="131957265000000000" Dst="0" />
<file name="class-acf-location-current-user.php" server="ftp.woocommercedersleri.com/public_html/klaus/" local="131957252801147711" remote="131957265000000000" Dst="0" />
<file name="class-acf-location-nav-menu-item.php" server="ftp.woocommercedersleri.com/public_html/klaus/" local="131957252801417621" remote="131957265000000000" Dst="0" />
<file name="class-acf-location-nav-menu.php" server="ftp.woocommercedersleri.com/public_html/klaus/" local="131957252801647542" remote="131957265000000000" Dst="0" />
<file name="class-acf-location-page-parent.php" server="ftp.woocommercedersleri.com/public_html/klaus/" local="131957252802317362" remote="131957265000000000" Dst="0" />
<file name="class-acf-location-page-template.php" server="ftp.woocommercedersleri.com/public_html/klaus/" local="131957252802617872" remote="131957265000000000" Dst="0" />
<file name="class-acf-location-page-type.php" server="ftp.woocommercedersleri.com/public_html/klaus/" local="131957252802927165" remote="131957265000000000" Dst="0" />
<file name="class-acf-location-page.php" server="ftp.woocommercedersleri.com/public_html/klaus/" local="131957252803157094" remote="131957265000000000" Dst="0" />
<file name="class-acf-location-post-category.php" server="ftp.woocommercedersleri.com/public_html/klaus/" local="131957252803417010" remote="131957265000000000" Dst="0" />
<file name="class-acf-location-post-format.php" server="ftp.woocommercedersleri.com/public_html/klaus/" local="131957252803686919" remote="131957265000000000" Dst="0" />
<file name="class-acf-location-post-status.php" server="ftp.woocommercedersleri.com/public_html/klaus/" local="131957252803926846" remote="131957265000000000" Dst="0" />
<file name="class-acf-location-post-taxonomy.php" server="ftp.woocommercedersleri.com/public_html/klaus/" local="131957252804196750" remote="131957265000000000" Dst="0" />
<file name="class-acf-location-post-template.php" server="ftp.woocommercedersleri.com/public_html/klaus/" local="131957252804506655" remote="131957265000000000" Dst="0" />
<file name="class-acf-location-post-type.php" server="ftp.woocommercedersleri.com/public_html/klaus/" local="131957252804786731" remote="131957265000000000" Dst="0" />
<file name="class-acf-location-taxonomy.php" server="ftp.woocommercedersleri.com/public_html/klaus/" local="131957252805336387" remote="131957265000000000" Dst="0" />
<file name="class-acf-location-user-form.php" server="ftp.woocommercedersleri.com/public_html/klaus/" local="131957252805616441" remote="131957265000000000" Dst="0" />
<file name="class-acf-location-post.php" server="ftp.woocommercedersleri.com/public_html/klaus/" local="131957252805076467" remote="131957265000000000" Dst="0" />
<file name="class-acf-location-user-role.php" server="ftp.woocommercedersleri.com/public_html/klaus/" local="131957252805916199" remote="131957265000000000" Dst="0" />
<file name="class-acf-location-widget.php" server="ftp.woocommercedersleri.com/public_html/klaus/" local="131957252806186109" remote="131957265000000000" Dst="0" />
<file name="class-acf-location.php" server="ftp.woocommercedersleri.com/public_html/klaus/" local="131957252806515996" remote="131957265000000000" Dst="0" />
</dwsync>