<?xml version="1.0" encoding="utf-8" ?>
<dwsync>
<file name=".gitignore" server="ftp.flatisler.com/public_html/" local="131867843481362942" remote="131877967200000000" Dst="0" />
<file name=".editorconfig" server="ftp.flatisler.com/public_html/" local="131867843481172999" remote="131877967200000000" Dst="0" />
<file name=".travis.yml" server="ftp.flatisler.com/public_html/" local="131867843481562888" remote="131877967200000000" Dst="0" />
<file name="bower.json" server="ftp.flatisler.com/public_html/" local="131867843481742845" remote="131877967200000000" Dst="0" />
<file name="gulpfile.js" server="ftp.flatisler.com/public_html/" local="131867843485169123" remote="131877967200000000" Dst="0" />
<file name="LICENSE.md" server="ftp.flatisler.com/public_html/" local="131867843485621261" remote="131877967200000000" Dst="0" />
<file name="package.json" server="ftp.flatisler.com/public_html/" local="131867843485921807" remote="131877967200000000" Dst="0" />
<file name="README.md" server="ftp.flatisler.com/public_html/" local="131867843486551983" remote="131877967200000000" Dst="0" />
<file name=".editorconfig" server="ftp.woocommercedersleri.com/public_html/klaus/" local="131957254232992310" remote="131957265000000000" Dst="0" />
<file name=".gitignore" server="ftp.woocommercedersleri.com/public_html/klaus/" local="131957254233172259" remote="131957265000000000" Dst="0" />
<file name=".travis.yml" server="ftp.woocommercedersleri.com/public_html/klaus/" local="131957254233362192" remote="131957265000000000" Dst="0" />
<file name="bower.json" server="ftp.woocommercedersleri.com/public_html/klaus/" local="131957254233542135" remote="131957265000000000" Dst="0" />
<file name="gulpfile.js" server="ftp.woocommercedersleri.com/public_html/klaus/" local="131957254235021652" remote="131957265000000000" Dst="0" />
<file name="LICENSE.md" server="ftp.woocommercedersleri.com/public_html/klaus/" local="131957254235251575" remote="131957265000000000" Dst="0" />
<file name="package.json" server="ftp.woocommercedersleri.com/public_html/klaus/" local="131957254235441518" remote="131957265000000000" Dst="0" />
<file name="README.md" server="ftp.woocommercedersleri.com/public_html/klaus/" local="131957254235631451" remote="131957265000000000" Dst="0" />
</dwsync>