<?xml version="1.0" encoding="utf-8" ?>
<dwsync>
<file name="acf-field-group.css" server="ftp.logoonerileri.com/public_html/armada/" local="131955726282265659" remote="131955648000000000" Dst="0" />
<file name="acf-dark.css" server="ftp.logoonerileri.com/public_html/armada/" local="131955726282325557" remote="131955648000000000" Dst="0" />
<file name="acf-global.css" server="ftp.logoonerileri.com/public_html/armada/" local="131955726282685440" remote="131955648000000000" Dst="0" />
<file name="acf-input.css" server="ftp.logoonerileri.com/public_html/armada/" local="131955726283085320" remote="131955648000000000" Dst="0" />
<file name="acf-dark.css" server="ftp.armadagrandee.com/public_html/" local="131955726282325557" remote="131955894600000000" Dst="0" />
<file name="acf-field-group.css" server="ftp.armadagrandee.com/public_html/" local="131955726282265659" remote="131955894600000000" Dst="0" />
<file name="acf-global.css" server="ftp.armadagrandee.com/public_html/" local="131955726282685440" remote="131955894600000000" Dst="0" />
<file name="acf-input.css" server="ftp.armadagrandee.com/public_html/" local="131955726283085320" remote="131955894600000000" Dst="0" />
<file name="acf-dark.css" server="ftp.woocommercedersleri.com/public_html/klaus/" local="131957252733224129" remote="131957265000000000" Dst="0" />
<file name="acf-field-group.css" server="ftp.woocommercedersleri.com/public_html/klaus/" local="131957252733324096" remote="131957265000000000" Dst="0" />
<file name="acf-global.css" server="ftp.woocommercedersleri.com/public_html/klaus/" local="131957252733644314" remote="131957265000000000" Dst="0" />
<file name="acf-input.css" server="ftp.woocommercedersleri.com/public_html/klaus/" local="131957252733754279" remote="131957265000000000" Dst="0" />
</dwsync>